{"id":10280,"date":"2023-05-23T13:44:12","date_gmt":"2023-05-23T19:44:12","guid":{"rendered":"https:\/\/evolvelaw.ca\/?page_id=10280"},"modified":"2023-06-28T11:05:24","modified_gmt":"2023-06-28T17:05:24","slug":"legal-help","status":"publish","type":"page","link":"https:\/\/evolvelaw.ca\/legal-help\/","title":{"rendered":"Legal Help"},"content":{"rendered":"\t\t<div data-elementor-type=\"wp-page\" data-elementor-id=\"10280\" class=\"elementor elementor-10280\" data-elementor-post-type=\"page\">\n\t\t\t\t\t\t\t\t\t<div class=\"has_eae_slider elementor-section elementor-top-section elementor-element elementor-element-e1f5568 elementor-section-full_width elementor-section-height-default elementor-section-height-default\" data-id=\"e1f5568\" data-element_type=\"section\">\n\t\t\t\t\t\t<div class=\"elementor-container elementor-column-gap-default\">\n\t\t\t\t\t<div class=\"has_eae_slider elementor-column elementor-col-100 elementor-top-column elementor-element elementor-element-8f884a7\" data-id=\"8f884a7\" data-element_type=\"column\">\n\t\t\t<div class=\"elementor-widget-wrap elementor-element-populated\">\n\t\t\t\t\t\t\t\t<div class=\"elementor-element elementor-element-32866c0 elementor-widget elementor-widget-html\" data-id=\"32866c0\" data-element_type=\"widget\" data-widget_type=\"html.default\">\n\t\t\t\t<div class=\"elementor-widget-container\">\n\t\t\t<div id=\"ss_survey_widget\"><\/div>\n  <script id=\"SS_SCRIPT\">function sparrowLaunch(opts){var e=\"ss-widget\",t=\"script\",a=document,r=window,l=localStorage;var s,n,c,rm=a.getElementById('SS_SCRIPT');r.SS_WIDGET_TOKEN=\"tt-th7CvtAxAiqsos4sKqcMjc\";r.SS_ACCOUNT=\"n3xtep.surveysparrow.com\";r.SS_SURVEY_NAME=\"Evolve-Law-Help-Form\";if(!a.getElementById(e) && !l.getItem('removed-ss-widget-tt-th7CvtAxAiqsos4sKqcMjc')){var S=function(){S.update(arguments)};S.args=[];S.update=function(e){S.args.push(e)};r.SparrowLauncher=S;s=a.getElementsByTagName(t);c=s[s.length-1];n=a.createElement(t);n.type=\"text\/javascript\";n.async=!0;n.id=e;n.src=[\"https:\/\/\",\"n3xtep.surveysparrow.com\/widget\/\",r.SS_WIDGET_TOKEN,\"?\",\"customParams=\",JSON.stringify(opts)].join(\"\");c.parentNode.insertBefore(n,c);r.SS_VARIABLES=opts;rm.parentNode.removeChild(rm);}};<\/script>\n  <script>sparrowLaunch({\/*add custom params here*\/})<\/script>\n  <style>iframe#ss_widget_frame{min-height: 950px}<\/style>\t\t<\/div>\n\t\t\t\t<\/div>\n\t\t\t\t\t<\/div>\n\t\t<\/div>\n\t\t\t\t\t\t\t<\/div>\n\t\t<\/div>\n\t\t\t\t\t\t\t<\/div>\n\t\t","protected":false},"excerpt":{"rendered":"","protected":false},"author":8,"featured_media":0,"parent":0,"menu_order":0,"comment_status":"closed","ping_status":"closed","template":"gutenberg-fullwidth.php","meta":{"footnotes":""},"_links":{"self":[{"href":"https:\/\/evolvelaw.ca\/wp-json\/wp\/v2\/pages\/10280"}],"collection":[{"href":"https:\/\/evolvelaw.ca\/wp-json\/wp\/v2\/pages"}],"about":[{"href":"https:\/\/evolvelaw.ca\/wp-json\/wp\/v2\/types\/page"}],"author":[{"embeddable":true,"href":"https:\/\/evolvelaw.ca\/wp-json\/wp\/v2\/users\/8"}],"replies":[{"embeddable":true,"href":"https:\/\/evolvelaw.ca\/wp-json\/wp\/v2\/comments?post=10280"}],"version-history":[{"count":5,"href":"https:\/\/evolvelaw.ca\/wp-json\/wp\/v2\/pages\/10280\/revisions"}],"predecessor-version":[{"id":10498,"href":"https:\/\/evolvelaw.ca\/wp-json\/wp\/v2\/pages\/10280\/revisions\/10498"}],"wp:attachment":[{"href":"https:\/\/evolvelaw.ca\/wp-json\/wp\/v2\/media?parent=10280"}],"curies":[{"name":"wp","href":"https:\/\/api.w.org\/{rel}","templated":true}]}}