{"id":126,"date":"2020-04-22T10:19:47","date_gmt":"2020-04-22T16:19:47","guid":{"rendered":"https:\/\/evolvelaw.ca\/?page_id=126"},"modified":"2022-12-02T14:45:12","modified_gmt":"2022-12-02T20:45:12","slug":"services","status":"publish","type":"page","link":"https:\/\/evolvelaw.ca\/services\/","title":{"rendered":"Services"},"content":{"rendered":"\t\t<div data-elementor-type=\"wp-page\" data-elementor-id=\"126\" class=\"elementor elementor-126\" data-elementor-post-type=\"page\">\n\t\t\t\t\t\t\t\t\t<section class=\"has_eae_slider elementor-section elementor-top-section elementor-element elementor-element-6ef7e51 elementor-section-content-middle elementor-section-height-min-height elementor-section-boxed elementor-section-height-default elementor-section-items-middle\" data-id=\"6ef7e51\" data-element_type=\"section\" data-settings=\"{&quot;background_background&quot;:&quot;classic&quot;}\">\n\t\t\t\t\t\t\t<div class=\"elementor-background-overlay\"><\/div>\n\t\t\t\t\t\t\t<div class=\"elementor-container elementor-column-gap-no\">\n\t\t\t\t\t<div class=\"has_eae_slider elementor-column elementor-col-50 elementor-top-column elementor-element elementor-element-eada0a6\" data-id=\"eada0a6\" data-element_type=\"column\">\n\t\t\t<div class=\"elementor-widget-wrap elementor-element-populated\">\n\t\t\t\t\t\t\t\t<div class=\"elementor-element elementor-element-2ee3d2e2 elementor-widget elementor-widget-heading\" data-id=\"2ee3d2e2\" data-element_type=\"widget\" data-widget_type=\"heading.default\">\n\t\t\t\t<div class=\"elementor-widget-container\">\n\t\t\t<h1 class=\"elementor-heading-title elementor-size-default\">Family Law Services<\/h1>\t\t<\/div>\n\t\t\t\t<\/div>\n\t\t\t\t<div class=\"elementor-element elementor-element-fe6dd4f elementor-widget elementor-widget-heading\" data-id=\"fe6dd4f\" data-element_type=\"widget\" data-widget_type=\"heading.default\">\n\t\t\t\t<div class=\"elementor-widget-container\">\n\t\t\t<h2 class=\"elementor-heading-title elementor-size-default\">We help you navigate emotional and stressful times<\/h2>\t\t<\/div>\n\t\t\t\t<\/div>\n\t\t\t\t<div class=\"elementor-element elementor-element-0297522 elementor-widget-divider--view-line elementor-widget elementor-widget-divider\" data-id=\"0297522\" data-element_type=\"widget\" data-widget_type=\"divider.default\">\n\t\t\t\t<div class=\"elementor-widget-container\">\n\t\t\t\t\t<div class=\"elementor-divider\">\n\t\t\t<span class=\"elementor-divider-separator\">\n\t\t\t\t\t\t<\/span>\n\t\t<\/div>\n\t\t\t\t<\/div>\n\t\t\t\t<\/div>\n\t\t\t\t<div class=\"elementor-element elementor-element-d17b03b elementor-widget elementor-widget-heading\" data-id=\"d17b03b\" data-element_type=\"widget\" data-widget_type=\"heading.default\">\n\t\t\t\t<div class=\"elementor-widget-container\">\n\t\t\t<h3 class=\"elementor-heading-title elementor-size-default\">Evolve Law practices exclusively Family Law and offers all of our services unbundled. This adds value and affordability. Unbundled services allow our clients to assess the risks and costs associated with each step of their journey.<\/h3>\t\t<\/div>\n\t\t\t\t<\/div>\n\t\t\t\t\t<\/div>\n\t\t<\/div>\n\t\t\t\t<div class=\"has_eae_slider elementor-column elementor-col-50 elementor-top-column elementor-element elementor-element-e51216e\" data-id=\"e51216e\" data-element_type=\"column\">\n\t\t\t<div class=\"elementor-widget-wrap elementor-element-populated\">\n\t\t\t\t\t\t\t\t<div class=\"elementor-element elementor-element-301a8c60 elementor-widget elementor-widget-image\" data-id=\"301a8c60\" data-element_type=\"widget\" data-widget_type=\"image.default\">\n\t\t\t\t<div class=\"elementor-widget-container\">\n\t\t\t\t\t\t\t\t\t\t\t\t\t\t\t<img decoding=\"async\" width=\"600\" height=\"486\" src=\"https:\/\/evolvelaw.ca\/wp-content\/uploads\/2021\/03\/Services_landing_page-600x486.jpg\" class=\"attachment-responsive-600 size-responsive-600 wp-image-3586\" alt=\"Family_law_services\" srcset=\"https:\/\/evolvelaw.ca\/wp-content\/uploads\/2021\/03\/Services_landing_page-600x486.jpg 600w, https:\/\/evolvelaw.ca\/wp-content\/uploads\/2021\/03\/Services_landing_page-300x243.jpg 300w, https:\/\/evolvelaw.ca\/wp-content\/uploads\/2021\/03\/Services_landing_page-1024x830.jpg 1024w, https:\/\/evolvelaw.ca\/wp-content\/uploads\/2021\/03\/Services_landing_page-768x622.jpg 768w, https:\/\/evolvelaw.ca\/wp-content\/uploads\/2021\/03\/Services_landing_page-100x81.jpg 100w, https:\/\/evolvelaw.ca\/wp-content\/uploads\/2021\/03\/Services_landing_page-150x122.jpg 150w, https:\/\/evolvelaw.ca\/wp-content\/uploads\/2021\/03\/Services_landing_page-200x162.jpg 200w, https:\/\/evolvelaw.ca\/wp-content\/uploads\/2021\/03\/Services_landing_page-450x365.jpg 450w, https:\/\/evolvelaw.ca\/wp-content\/uploads\/2021\/03\/Services_landing_page-900x729.jpg 900w, https:\/\/evolvelaw.ca\/wp-content\/uploads\/2021\/03\/Services_landing_page.jpg 1280w\" sizes=\"(max-width: 600px) 100vw, 600px\" \/>\t\t\t\t\t\t\t\t\t\t\t\t\t\t\t<\/div>\n\t\t\t\t<\/div>\n\t\t\t\t\t<\/div>\n\t\t<\/div>\n\t\t\t\t\t\t\t<\/div>\n\t\t<\/section>\n\t\t\t\t<section class=\"has_eae_slider elementor-section elementor-top-section elementor-element elementor-element-108b650 elementor-section-boxed elementor-section-height-default elementor-section-height-default\" data-id=\"108b650\" data-element_type=\"section\" data-settings=\"{&quot;background_background&quot;:&quot;classic&quot;}\">\n\t\t\t\t\t\t<div class=\"elementor-container elementor-column-gap-default\">\n\t\t\t\t\t<div class=\"has_eae_slider elementor-column elementor-col-100 elementor-top-column elementor-element elementor-element-11f98fd\" data-id=\"11f98fd\" data-element_type=\"column\">\n\t\t\t<div class=\"elementor-widget-wrap elementor-element-populated\">\n\t\t\t\t\t\t\t\t<div class=\"elementor-element elementor-element-822c657 elementor-widget elementor-widget-heading\" data-id=\"822c657\" data-element_type=\"widget\" data-widget_type=\"heading.default\">\n\t\t\t\t<div class=\"elementor-widget-container\">\n\t\t\t<h3 class=\"elementor-heading-title elementor-size-default\">Flat Rate Billing<\/h3>\t\t<\/div>\n\t\t\t\t<\/div>\n\t\t\t\t<div class=\"elementor-element elementor-element-48e8ac8 elementor-widget__width-initial elementor-absolute elementor-widget-tablet__width-initial elementor-hidden-phone elementor-widget elementor-widget-spacer\" data-id=\"48e8ac8\" data-element_type=\"widget\" data-settings=\"{&quot;_position&quot;:&quot;absolute&quot;}\" data-widget_type=\"spacer.default\">\n\t\t\t\t<div class=\"elementor-widget-container\">\n\t\t\t\t\t<div class=\"elementor-spacer\">\n\t\t\t<div class=\"elementor-spacer-inner\"><\/div>\n\t\t<\/div>\n\t\t\t\t<\/div>\n\t\t\t\t<\/div>\n\t\t\t\t<div class=\"elementor-element elementor-element-6d8b127 elementor-widget__width-initial elementor-absolute elementor-widget-mobile__width-initial elementor-hidden-phone elementor-widget elementor-widget-spacer\" data-id=\"6d8b127\" data-element_type=\"widget\" data-settings=\"{&quot;_position&quot;:&quot;absolute&quot;}\" data-widget_type=\"spacer.default\">\n\t\t\t\t<div class=\"elementor-widget-container\">\n\t\t\t\t\t<div class=\"elementor-spacer\">\n\t\t\t<div class=\"elementor-spacer-inner\"><\/div>\n\t\t<\/div>\n\t\t\t\t<\/div>\n\t\t\t\t<\/div>\n\t\t\t\t<div class=\"elementor-element elementor-element-fb72abb elementor-widget elementor-widget-heading\" data-id=\"fb72abb\" data-element_type=\"widget\" data-widget_type=\"heading.default\">\n\t\t\t\t<div class=\"elementor-widget-container\">\n\t\t\t<h3 class=\"elementor-heading-title elementor-size-default\">for all of our Family Law services<\/h3>\t\t<\/div>\n\t\t\t\t<\/div>\n\t\t\t\t<div class=\"elementor-element elementor-element-56473b8 elementor-widget elementor-widget-text-editor\" data-id=\"56473b8\" data-element_type=\"widget\" data-widget_type=\"text-editor.default\">\n\t\t\t\t<div class=\"elementor-widget-container\">\n\t\t\t\t\t\t\t<p>Flat rate billing allows clients to be informed of the amount they will pay for the legal work regardless of the hours required to complete the project.<\/p>\t\t\t\t\t\t<\/div>\n\t\t\t\t<\/div>\n\t\t\t\t<div class=\"elementor-element elementor-element-1d0eb49 elementor-widget elementor-widget-text-editor\" data-id=\"1d0eb49\" data-element_type=\"widget\" data-widget_type=\"text-editor.default\">\n\t\t\t\t<div class=\"elementor-widget-container\">\n\t\t\t\t\t\t\t<p>See our <a href=\"https:\/\/evolvelaw.ca\/pricing\/\"><strong>pricing page<\/strong><\/a> for more information.<\/p>\t\t\t\t\t\t<\/div>\n\t\t\t\t<\/div>\n\t\t\t\t\t<\/div>\n\t\t<\/div>\n\t\t\t\t\t\t\t<\/div>\n\t\t<\/section>\n\t\t\t\t<section class=\"has_eae_slider elementor-section elementor-top-section elementor-element elementor-element-e149162 elementor-section-full_width elementor-section-height-default elementor-section-height-default\" data-id=\"e149162\" data-element_type=\"section\" id=\"divorce\">\n\t\t\t\t\t\t<div class=\"elementor-container elementor-column-gap-no\">\n\t\t\t\t\t<div class=\"has_eae_slider elementor-column elementor-col-50 elementor-top-column elementor-element elementor-element-0677624\" data-id=\"0677624\" data-element_type=\"column\">\n\t\t\t<div class=\"elementor-widget-wrap elementor-element-populated\">\n\t\t\t\t\t\t\t\t<div class=\"elementor-element elementor-element-d68b766 elementor-widget elementor-widget-heading\" data-id=\"d68b766\" data-element_type=\"widget\" data-widget_type=\"heading.default\">\n\t\t\t\t<div class=\"elementor-widget-container\">\n\t\t\t<h2 class=\"elementor-heading-title elementor-size-default\">Divorce<\/h2>\t\t<\/div>\n\t\t\t\t<\/div>\n\t\t\t\t<div class=\"elementor-element elementor-element-6820c57 elementor-widget elementor-widget-text-editor\" data-id=\"6820c57\" data-element_type=\"widget\" data-widget_type=\"text-editor.default\">\n\t\t\t\t<div class=\"elementor-widget-container\">\n\t\t\t\t\t\t\t<p>Regardless of the reason for divorce, this is likely an emotional and stressful time. In Canada, there are three legal grounds for divorce though two are very rarely used:<\/p>\t\t\t\t\t\t<\/div>\n\t\t\t\t<\/div>\n\t\t\t\t<div class=\"elementor-element elementor-element-ab1aa96 elementor-widget elementor-widget-heading\" data-id=\"ab1aa96\" data-element_type=\"widget\" data-widget_type=\"heading.default\">\n\t\t\t\t<div class=\"elementor-widget-container\">\n\t\t\t<h3 class=\"elementor-heading-title elementor-size-default\">Separation<\/h3>\t\t<\/div>\n\t\t\t\t<\/div>\n\t\t\t\t<div class=\"elementor-element elementor-element-5653318 elementor-widget elementor-widget-text-editor\" data-id=\"5653318\" data-element_type=\"widget\" data-widget_type=\"text-editor.default\">\n\t\t\t\t<div class=\"elementor-widget-container\">\n\t\t\t\t\t\t\t<p>The most common ground for divorce is separation is when a couple has been living separately and apart for a minimum of one year. Spouses or partners don&#8217;t have to be in separate homes; separate bedrooms, meal times, and living spaces may be considered &#8216;living apart&#8217; as well.<\/p>\t\t\t\t\t\t<\/div>\n\t\t\t\t<\/div>\n\t\t\t\t<div class=\"elementor-element elementor-element-22856b3 elementor-widget elementor-widget-heading\" data-id=\"22856b3\" data-element_type=\"widget\" data-widget_type=\"heading.default\">\n\t\t\t\t<div class=\"elementor-widget-container\">\n\t\t\t<h3 class=\"elementor-heading-title elementor-size-default\">Adultery<\/h3>\t\t<\/div>\n\t\t\t\t<\/div>\n\t\t\t\t<div class=\"elementor-element elementor-element-3ea79ce elementor-widget elementor-widget-text-editor\" data-id=\"3ea79ce\" data-element_type=\"widget\" data-widget_type=\"text-editor.default\">\n\t\t\t\t<div class=\"elementor-widget-container\">\n\t\t\t\t\t\t\t<p>This is when one spouse has engaged in an affair. Suspicion alone is not enough for a judge to grant a divorce and evidence of infidelity will be required. Because of the evidence required, this ground often results in increased costs and delays.<\/p>\t\t\t\t\t\t<\/div>\n\t\t\t\t<\/div>\n\t\t\t\t<div class=\"elementor-element elementor-element-fabc880 elementor-widget elementor-widget-heading\" data-id=\"fabc880\" data-element_type=\"widget\" data-widget_type=\"heading.default\">\n\t\t\t\t<div class=\"elementor-widget-container\">\n\t\t\t<h3 class=\"elementor-heading-title elementor-size-default\">Cruelty<\/h3>\t\t<\/div>\n\t\t\t\t<\/div>\n\t\t\t\t<div class=\"elementor-element elementor-element-b00e6e3 elementor-widget elementor-widget-text-editor\" data-id=\"b00e6e3\" data-element_type=\"widget\" data-widget_type=\"text-editor.default\">\n\t\t\t\t<div class=\"elementor-widget-container\">\n\t\t\t\t\t\t\t<p>Emotional or physical cruelty indicates a situation where living with the other spouse is intolerable. Evidence of cruelty is required for court proceedings and may be hard to acquire. Unless the cruelty has escalated to include medical or police reports, this ground often results in increased costs and delays.<br \/><br \/>This ground differs from provisions recently introduced under the Divorce Act respecting domestic violence. If you require more information regarding domestic abuse, please speak with one of our lawyers.<\/p>\t\t\t\t\t\t<\/div>\n\t\t\t\t<\/div>\n\t\t\t\t<div class=\"elementor-element elementor-element-91702d2 elementor-widget elementor-widget-text-editor\" data-id=\"91702d2\" data-element_type=\"widget\" data-widget_type=\"text-editor.default\">\n\t\t\t\t<div class=\"elementor-widget-container\">\n\t\t\t\t\t\t\t<p><strong>Whatever your reasons are for pursuing divorce, Evolve Family Law is here to support you and strive for an expeditious resolution.<\/strong><\/p>\t\t\t\t\t\t<\/div>\n\t\t\t\t<\/div>\n\t\t\t\t<div class=\"elementor-element elementor-element-f93fa77 elementor-mobile-align-center elementor-align-center elementor-button-info elementor-widget elementor-widget-button\" data-id=\"f93fa77\" data-element_type=\"widget\" data-widget_type=\"button.default\">\n\t\t\t\t<div class=\"elementor-widget-container\">\n\t\t\t\t\t<div class=\"elementor-button-wrapper\">\n\t\t\t<a class=\"elementor-button elementor-button-link elementor-size-sm\" href=\"https:\/\/evolvelaw.ca\/wp-content\/uploads\/2022\/07\/Step-by-Step-Divorce.jpg\" target=\"_blank\" rel=\"nofollow\">\n\t\t\t\t\t\t<span class=\"elementor-button-content-wrapper\">\n\t\t\t\t\t\t<span class=\"elementor-button-text\">6 Steps guide how to file for divorce<\/span>\n\t\t<\/span>\n\t\t\t\t\t<\/a>\n\t\t<\/div>\n\t\t\t\t<\/div>\n\t\t\t\t<\/div>\n\t\t\t\t\t<\/div>\n\t\t<\/div>\n\t\t\t\t<div class=\"has_eae_slider elementor-column elementor-col-50 elementor-top-column elementor-element elementor-element-8b471d5 elementor-hidden-phone\" data-id=\"8b471d5\" data-element_type=\"column\" data-settings=\"{&quot;background_background&quot;:&quot;classic&quot;}\">\n\t\t\t<div class=\"elementor-widget-wrap elementor-element-populated\">\n\t\t\t\t\t\t\t\t<section class=\"has_eae_slider elementor-section elementor-inner-section elementor-element elementor-element-e2165ab elementor-section-boxed elementor-section-height-default elementor-section-height-default\" data-id=\"e2165ab\" data-element_type=\"section\">\n\t\t\t\t\t\t<div class=\"elementor-container elementor-column-gap-default\">\n\t\t\t\t\t<div class=\"has_eae_slider elementor-column elementor-col-100 elementor-inner-column elementor-element elementor-element-70fb399\" data-id=\"70fb399\" data-element_type=\"column\">\n\t\t\t<div class=\"elementor-widget-wrap elementor-element-populated\">\n\t\t\t\t\t\t\t\t<div class=\"elementor-element elementor-element-78766ec elementor-widget elementor-widget-image\" data-id=\"78766ec\" data-element_type=\"widget\" data-widget_type=\"image.default\">\n\t\t\t\t<div class=\"elementor-widget-container\">\n\t\t\t\t\t\t\t\t\t\t\t\t\t\t\t<img decoding=\"async\" width=\"605\" height=\"403\" src=\"https:\/\/evolvelaw.ca\/wp-content\/uploads\/2021\/03\/Divorce_1.2-1024x682.jpg\" class=\"attachment-large size-large wp-image-3283\" alt=\"Adultery\" srcset=\"https:\/\/evolvelaw.ca\/wp-content\/uploads\/2021\/03\/Divorce_1.2-1024x682.jpg 1024w, https:\/\/evolvelaw.ca\/wp-content\/uploads\/2021\/03\/Divorce_1.2-300x200.jpg 300w, https:\/\/evolvelaw.ca\/wp-content\/uploads\/2021\/03\/Divorce_1.2-768x512.jpg 768w, https:\/\/evolvelaw.ca\/wp-content\/uploads\/2021\/03\/Divorce_1.2-100x67.jpg 100w, https:\/\/evolvelaw.ca\/wp-content\/uploads\/2021\/03\/Divorce_1.2-150x100.jpg 150w, https:\/\/evolvelaw.ca\/wp-content\/uploads\/2021\/03\/Divorce_1.2-200x133.jpg 200w, https:\/\/evolvelaw.ca\/wp-content\/uploads\/2021\/03\/Divorce_1.2-450x300.jpg 450w, https:\/\/evolvelaw.ca\/wp-content\/uploads\/2021\/03\/Divorce_1.2-600x400.jpg 600w, https:\/\/evolvelaw.ca\/wp-content\/uploads\/2021\/03\/Divorce_1.2-900x600.jpg 900w, https:\/\/evolvelaw.ca\/wp-content\/uploads\/2021\/03\/Divorce_1.2.jpg 1280w\" sizes=\"(max-width: 605px) 100vw, 605px\" \/>\t\t\t\t\t\t\t\t\t\t\t\t\t\t\t<\/div>\n\t\t\t\t<\/div>\n\t\t\t\t\t<\/div>\n\t\t<\/div>\n\t\t\t\t\t\t\t<\/div>\n\t\t<\/section>\n\t\t\t\t\t<\/div>\n\t\t<\/div>\n\t\t\t\t\t\t\t<\/div>\n\t\t<\/section>\n\t\t\t\t<section class=\"has_eae_slider elementor-section elementor-top-section elementor-element elementor-element-02987f7 elementor-section-full_width elementor-reverse-tablet elementor-section-height-default elementor-section-height-default\" data-id=\"02987f7\" data-element_type=\"section\" id=\"support\">\n\t\t\t\t\t\t<div class=\"elementor-container elementor-column-gap-no\">\n\t\t\t\t\t<div class=\"has_eae_slider elementor-column elementor-col-50 elementor-top-column elementor-element elementor-element-b4544eb elementor-hidden-phone\" data-id=\"b4544eb\" data-element_type=\"column\" data-settings=\"{&quot;background_background&quot;:&quot;classic&quot;}\">\n\t\t\t<div class=\"elementor-widget-wrap elementor-element-populated\">\n\t\t\t\t\t\t\t\t<section class=\"has_eae_slider elementor-section elementor-inner-section elementor-element elementor-element-ab4ab95 elementor-section-boxed elementor-section-height-default elementor-section-height-default\" data-id=\"ab4ab95\" data-element_type=\"section\">\n\t\t\t\t\t\t<div class=\"elementor-container elementor-column-gap-default\">\n\t\t\t\t\t<div class=\"has_eae_slider elementor-column elementor-col-100 elementor-inner-column elementor-element elementor-element-f58b6ea\" data-id=\"f58b6ea\" data-element_type=\"column\">\n\t\t\t<div class=\"elementor-widget-wrap elementor-element-populated\">\n\t\t\t\t\t\t\t\t<div class=\"elementor-element elementor-element-32ec2d0 elementor-widget elementor-widget-image\" data-id=\"32ec2d0\" data-element_type=\"widget\" data-widget_type=\"image.default\">\n\t\t\t\t<div class=\"elementor-widget-container\">\n\t\t\t\t\t\t\t\t\t\t\t\t\t\t\t<img decoding=\"async\" width=\"605\" height=\"355\" src=\"https:\/\/evolvelaw.ca\/wp-content\/uploads\/2021\/03\/Support_1.2-1024x601.jpg\" class=\"attachment-large size-large wp-image-3284\" alt=\"\" srcset=\"https:\/\/evolvelaw.ca\/wp-content\/uploads\/2021\/03\/Support_1.2-1024x601.jpg 1024w, https:\/\/evolvelaw.ca\/wp-content\/uploads\/2021\/03\/Support_1.2-300x176.jpg 300w, https:\/\/evolvelaw.ca\/wp-content\/uploads\/2021\/03\/Support_1.2-768x451.jpg 768w, https:\/\/evolvelaw.ca\/wp-content\/uploads\/2021\/03\/Support_1.2-100x59.jpg 100w, https:\/\/evolvelaw.ca\/wp-content\/uploads\/2021\/03\/Support_1.2-150x88.jpg 150w, https:\/\/evolvelaw.ca\/wp-content\/uploads\/2021\/03\/Support_1.2-200x117.jpg 200w, https:\/\/evolvelaw.ca\/wp-content\/uploads\/2021\/03\/Support_1.2-450x264.jpg 450w, https:\/\/evolvelaw.ca\/wp-content\/uploads\/2021\/03\/Support_1.2-600x352.jpg 600w, https:\/\/evolvelaw.ca\/wp-content\/uploads\/2021\/03\/Support_1.2-900x528.jpg 900w, https:\/\/evolvelaw.ca\/wp-content\/uploads\/2021\/03\/Support_1.2.jpg 1280w\" sizes=\"(max-width: 605px) 100vw, 605px\" \/>\t\t\t\t\t\t\t\t\t\t\t\t\t\t\t<\/div>\n\t\t\t\t<\/div>\n\t\t\t\t\t<\/div>\n\t\t<\/div>\n\t\t\t\t\t\t\t<\/div>\n\t\t<\/section>\n\t\t\t\t\t<\/div>\n\t\t<\/div>\n\t\t\t\t<div class=\"has_eae_slider elementor-column elementor-col-50 elementor-top-column elementor-element elementor-element-cd2aa29\" data-id=\"cd2aa29\" data-element_type=\"column\">\n\t\t\t<div class=\"elementor-widget-wrap elementor-element-populated\">\n\t\t\t\t\t\t\t\t<div class=\"elementor-element elementor-element-e50d323 elementor-widget elementor-widget-heading\" data-id=\"e50d323\" data-element_type=\"widget\" data-widget_type=\"heading.default\">\n\t\t\t\t<div class=\"elementor-widget-container\">\n\t\t\t<h2 class=\"elementor-heading-title elementor-size-default\">Support<\/h2>\t\t<\/div>\n\t\t\t\t<\/div>\n\t\t\t\t<div class=\"elementor-element elementor-element-4afa80c elementor-widget elementor-widget-text-editor\" data-id=\"4afa80c\" data-element_type=\"widget\" data-widget_type=\"text-editor.default\">\n\t\t\t\t<div class=\"elementor-widget-container\">\n\t\t\t\t\t\t\t<p>When relationships end, it is not uncommon for the separation to cause financial stress on one of the two parties involved. When this occurs, the court can remediate the situation with different forms of financial support:<\/p>\t\t\t\t\t\t<\/div>\n\t\t\t\t<\/div>\n\t\t\t\t<div class=\"elementor-element elementor-element-188c356 elementor-widget elementor-widget-heading\" data-id=\"188c356\" data-element_type=\"widget\" data-widget_type=\"heading.default\">\n\t\t\t\t<div class=\"elementor-widget-container\">\n\t\t\t<h3 class=\"elementor-heading-title elementor-size-default\">Spousal Support<\/h3>\t\t<\/div>\n\t\t\t\t<\/div>\n\t\t\t\t<div class=\"elementor-element elementor-element-969bab8 elementor-widget elementor-widget-text-editor\" data-id=\"969bab8\" data-element_type=\"widget\" data-widget_type=\"text-editor.default\">\n\t\t\t\t<div class=\"elementor-widget-container\">\n\t\t\t\t\t\t\t<p>The intent of spousal support (alimony) is to ensure the individual who becomes financially disadvantaged in the separation can maintain a similar quality of life to which they have become accustomed.<\/p><p>Several factors are considered when determining spousal support, such as sacrifices made during the relationship (e.g. did one spouse forego education to focus on raising children?), and the receiving party is expected to make reasonable efforts to become financially independent in the following years.<\/p>\t\t\t\t\t\t<\/div>\n\t\t\t\t<\/div>\n\t\t\t\t<div class=\"elementor-element elementor-element-4af7f98 elementor-widget elementor-widget-heading\" data-id=\"4af7f98\" data-element_type=\"widget\" data-widget_type=\"heading.default\">\n\t\t\t\t<div class=\"elementor-widget-container\">\n\t\t\t<h3 class=\"elementor-heading-title elementor-size-default\">Child Support<\/h3>\t\t<\/div>\n\t\t\t\t<\/div>\n\t\t\t\t<div class=\"elementor-element elementor-element-6e3a1d6 elementor-widget elementor-widget-text-editor\" data-id=\"6e3a1d6\" data-element_type=\"widget\" data-widget_type=\"text-editor.default\">\n\t\t\t\t<div class=\"elementor-widget-container\">\n\t\t\t\t\t\t\t<p>It is a parent\u2019s responsibility to provide for their children and the intent of child support is to ensure children have opportunities similar to what they would have experienced had their parents\u2019 not divorced. Child support payments vary based on several factors, such as custody agreements and parental income.<\/p><p>Child support payments typically continue until the child is 18 years of age and may continue past this point if the child is attending school or is unable to provide for themselves due to a disability.<\/p>\t\t\t\t\t\t<\/div>\n\t\t\t\t<\/div>\n\t\t\t\t<div class=\"elementor-element elementor-element-f033f1a elementor-mobile-align-center elementor-align-left elementor-button-info elementor-widget elementor-widget-button\" data-id=\"f033f1a\" data-element_type=\"widget\" data-widget_type=\"button.default\">\n\t\t\t\t<div class=\"elementor-widget-container\">\n\t\t\t\t\t<div class=\"elementor-button-wrapper\">\n\t\t\t<a class=\"elementor-button elementor-button-link elementor-size-sm\" href=\"https:\/\/www.justice.gc.ca\/eng\/fl-df\/child-enfant\/2017\/look-rech.aspx\" target=\"_blank\" rel=\"noopener\">\n\t\t\t\t\t\t<span class=\"elementor-button-content-wrapper\">\n\t\t\t\t\t\t<span class=\"elementor-button-icon elementor-align-icon-left\">\n\t\t\t\t<i aria-hidden=\"true\" class=\"fas fa-calculator\"><\/i>\t\t\t<\/span>\n\t\t\t\t\t\t<span class=\"elementor-button-text\">Child Support Calculator<\/span>\n\t\t<\/span>\n\t\t\t\t\t<\/a>\n\t\t<\/div>\n\t\t\t\t<\/div>\n\t\t\t\t<\/div>\n\t\t\t\t<div class=\"elementor-element elementor-element-39eb503 elementor-widget elementor-widget-text-editor\" data-id=\"39eb503\" data-element_type=\"widget\" data-widget_type=\"text-editor.default\">\n\t\t\t\t<div class=\"elementor-widget-container\">\n\t\t\t\t\t\t\t<p><strong>Child and spousal support may be eligible to renegotiate as income, custody, and living situations change. When these conversations arise, we are ready to help you navigate them.<\/strong><\/p>\t\t\t\t\t\t<\/div>\n\t\t\t\t<\/div>\n\t\t\t\t\t<\/div>\n\t\t<\/div>\n\t\t\t\t\t\t\t<\/div>\n\t\t<\/section>\n\t\t\t\t<section class=\"has_eae_slider elementor-section elementor-top-section elementor-element elementor-element-9212945 elementor-section-full_width elementor-section-height-default elementor-section-height-default\" data-id=\"9212945\" data-element_type=\"section\" id=\"parenting\">\n\t\t\t\t\t\t<div class=\"elementor-container elementor-column-gap-no\">\n\t\t\t\t\t<div class=\"has_eae_slider elementor-column elementor-col-50 elementor-top-column elementor-element elementor-element-e55e8f5\" data-id=\"e55e8f5\" data-element_type=\"column\">\n\t\t\t<div class=\"elementor-widget-wrap elementor-element-populated\">\n\t\t\t\t\t\t\t\t<div class=\"elementor-element elementor-element-065e12e elementor-widget elementor-widget-heading\" data-id=\"065e12e\" data-element_type=\"widget\" data-widget_type=\"heading.default\">\n\t\t\t\t<div class=\"elementor-widget-container\">\n\t\t\t<h2 class=\"elementor-heading-title elementor-size-default\">Parenting & Access<\/h2>\t\t<\/div>\n\t\t\t\t<\/div>\n\t\t\t\t<div class=\"elementor-element elementor-element-ea0fe61 elementor-widget elementor-widget-text-editor\" data-id=\"ea0fe61\" data-element_type=\"widget\" data-widget_type=\"text-editor.default\">\n\t\t\t\t<div class=\"elementor-widget-container\">\n\t\t\t\t\t\t\t<p>It is always ideal when parents can mutually agree on the best plan for raising and spending time with their children. However, this isn\u2019t always the case during a separation.<\/p><p>Our team will work to define a parenting plan that is beneficial to the well-being of both the children and the parents.<\/p>\t\t\t\t\t\t<\/div>\n\t\t\t\t<\/div>\n\t\t\t\t<div class=\"elementor-element elementor-element-9d33fee elementor-widget elementor-widget-text-editor\" data-id=\"9d33fee\" data-element_type=\"widget\" data-widget_type=\"text-editor.default\">\n\t\t\t\t<div class=\"elementor-widget-container\">\n\t\t\t\t\t\t\t<p>Parenting &amp; access solutions are different for every family and we will navigate unique hurdles, such as long-distance parents, addictions, or special needs, along with you to support the best interests of your family.<\/p><p><strong>We strive to reach solutions that are fair and expedient to promptly remove this stressor from your family\u2019s daily life.\u00a0<\/strong><\/p>\t\t\t\t\t\t<\/div>\n\t\t\t\t<\/div>\n\t\t\t\t\t<\/div>\n\t\t<\/div>\n\t\t\t\t<div class=\"has_eae_slider elementor-column elementor-col-50 elementor-top-column elementor-element elementor-element-692d39d elementor-hidden-phone\" data-id=\"692d39d\" data-element_type=\"column\" data-settings=\"{&quot;background_background&quot;:&quot;classic&quot;}\">\n\t\t\t<div class=\"elementor-widget-wrap elementor-element-populated\">\n\t\t\t\t\t\t\t\t<section class=\"has_eae_slider elementor-section elementor-inner-section elementor-element elementor-element-504ec2e elementor-section-boxed elementor-section-height-default elementor-section-height-default\" data-id=\"504ec2e\" data-element_type=\"section\">\n\t\t\t\t\t\t<div class=\"elementor-container elementor-column-gap-default\">\n\t\t\t\t\t<div class=\"has_eae_slider elementor-column elementor-col-100 elementor-inner-column elementor-element elementor-element-a7f1f22\" data-id=\"a7f1f22\" data-element_type=\"column\">\n\t\t\t<div class=\"elementor-widget-wrap elementor-element-populated\">\n\t\t\t\t\t\t\t\t<div class=\"elementor-element elementor-element-81fa77e elementor-widget elementor-widget-image\" data-id=\"81fa77e\" data-element_type=\"widget\" data-widget_type=\"image.default\">\n\t\t\t\t<div class=\"elementor-widget-container\">\n\t\t\t\t\t\t\t\t\t\t\t\t\t\t\t<img decoding=\"async\" width=\"605\" height=\"408\" src=\"https:\/\/evolvelaw.ca\/wp-content\/uploads\/2021\/03\/child_support-1024x690.jpg\" class=\"attachment-large size-large wp-image-3244\" alt=\"\" srcset=\"https:\/\/evolvelaw.ca\/wp-content\/uploads\/2021\/03\/child_support-1024x690.jpg 1024w, https:\/\/evolvelaw.ca\/wp-content\/uploads\/2021\/03\/child_support-300x202.jpg 300w, https:\/\/evolvelaw.ca\/wp-content\/uploads\/2021\/03\/child_support-768x517.jpg 768w, https:\/\/evolvelaw.ca\/wp-content\/uploads\/2021\/03\/child_support-100x67.jpg 100w, https:\/\/evolvelaw.ca\/wp-content\/uploads\/2021\/03\/child_support-150x101.jpg 150w, https:\/\/evolvelaw.ca\/wp-content\/uploads\/2021\/03\/child_support-200x135.jpg 200w, https:\/\/evolvelaw.ca\/wp-content\/uploads\/2021\/03\/child_support-450x303.jpg 450w, https:\/\/evolvelaw.ca\/wp-content\/uploads\/2021\/03\/child_support-600x404.jpg 600w, https:\/\/evolvelaw.ca\/wp-content\/uploads\/2021\/03\/child_support-900x606.jpg 900w, https:\/\/evolvelaw.ca\/wp-content\/uploads\/2021\/03\/child_support.jpg 1280w\" sizes=\"(max-width: 605px) 100vw, 605px\" \/>\t\t\t\t\t\t\t\t\t\t\t\t\t\t\t<\/div>\n\t\t\t\t<\/div>\n\t\t\t\t\t<\/div>\n\t\t<\/div>\n\t\t\t\t\t\t\t<\/div>\n\t\t<\/section>\n\t\t\t\t\t<\/div>\n\t\t<\/div>\n\t\t\t\t\t\t\t<\/div>\n\t\t<\/section>\n\t\t\t\t<section class=\"has_eae_slider elementor-section elementor-top-section elementor-element elementor-element-bbdb544 elementor-section-full_width elementor-reverse-tablet elementor-section-height-default elementor-section-height-default\" data-id=\"bbdb544\" data-element_type=\"section\" id=\"property\">\n\t\t\t\t\t\t<div class=\"elementor-container elementor-column-gap-no\">\n\t\t\t\t\t<div class=\"has_eae_slider elementor-column elementor-col-50 elementor-top-column elementor-element elementor-element-6a4acab elementor-hidden-phone\" data-id=\"6a4acab\" data-element_type=\"column\" data-settings=\"{&quot;background_background&quot;:&quot;classic&quot;}\">\n\t\t\t<div class=\"elementor-widget-wrap elementor-element-populated\">\n\t\t\t\t\t\t\t\t<section class=\"has_eae_slider elementor-section elementor-inner-section elementor-element elementor-element-1a60e18 elementor-section-boxed elementor-section-height-default elementor-section-height-default\" data-id=\"1a60e18\" data-element_type=\"section\">\n\t\t\t\t\t\t<div class=\"elementor-container elementor-column-gap-default\">\n\t\t\t\t\t<div class=\"has_eae_slider elementor-column elementor-col-100 elementor-inner-column elementor-element elementor-element-1e2a1d2\" data-id=\"1e2a1d2\" data-element_type=\"column\">\n\t\t\t<div class=\"elementor-widget-wrap elementor-element-populated\">\n\t\t\t\t\t\t\t\t<div class=\"elementor-element elementor-element-ec69a47 elementor-widget elementor-widget-image\" data-id=\"ec69a47\" data-element_type=\"widget\" data-widget_type=\"image.default\">\n\t\t\t\t<div class=\"elementor-widget-container\">\n\t\t\t\t\t\t\t\t\t\t\t\t\t\t\t<img decoding=\"async\" width=\"1280\" height=\"853\" src=\"https:\/\/evolvelaw.ca\/wp-content\/uploads\/2021\/03\/Property_1.2.jpg\" class=\"attachment-1536x1536 size-1536x1536 wp-image-3285\" alt=\"\" srcset=\"https:\/\/evolvelaw.ca\/wp-content\/uploads\/2021\/03\/Property_1.2.jpg 1280w, https:\/\/evolvelaw.ca\/wp-content\/uploads\/2021\/03\/Property_1.2-300x200.jpg 300w, https:\/\/evolvelaw.ca\/wp-content\/uploads\/2021\/03\/Property_1.2-1024x682.jpg 1024w, https:\/\/evolvelaw.ca\/wp-content\/uploads\/2021\/03\/Property_1.2-768x512.jpg 768w, https:\/\/evolvelaw.ca\/wp-content\/uploads\/2021\/03\/Property_1.2-100x67.jpg 100w, https:\/\/evolvelaw.ca\/wp-content\/uploads\/2021\/03\/Property_1.2-150x100.jpg 150w, https:\/\/evolvelaw.ca\/wp-content\/uploads\/2021\/03\/Property_1.2-200x133.jpg 200w, https:\/\/evolvelaw.ca\/wp-content\/uploads\/2021\/03\/Property_1.2-450x300.jpg 450w, https:\/\/evolvelaw.ca\/wp-content\/uploads\/2021\/03\/Property_1.2-600x400.jpg 600w, https:\/\/evolvelaw.ca\/wp-content\/uploads\/2021\/03\/Property_1.2-900x600.jpg 900w\" sizes=\"(max-width: 1280px) 100vw, 1280px\" \/>\t\t\t\t\t\t\t\t\t\t\t\t\t\t\t<\/div>\n\t\t\t\t<\/div>\n\t\t\t\t\t<\/div>\n\t\t<\/div>\n\t\t\t\t\t\t\t<\/div>\n\t\t<\/section>\n\t\t\t\t\t<\/div>\n\t\t<\/div>\n\t\t\t\t<div class=\"has_eae_slider elementor-column elementor-col-50 elementor-top-column elementor-element elementor-element-db1facb\" data-id=\"db1facb\" data-element_type=\"column\">\n\t\t\t<div class=\"elementor-widget-wrap elementor-element-populated\">\n\t\t\t\t\t\t\t\t<div class=\"elementor-element elementor-element-5413a6c elementor-widget elementor-widget-heading\" data-id=\"5413a6c\" data-element_type=\"widget\" data-widget_type=\"heading.default\">\n\t\t\t\t<div class=\"elementor-widget-container\">\n\t\t\t<h2 class=\"elementor-heading-title elementor-size-default\">Property<\/h2>\t\t<\/div>\n\t\t\t\t<\/div>\n\t\t\t\t<div class=\"elementor-element elementor-element-3ed06ed elementor-widget elementor-widget-text-editor\" data-id=\"3ed06ed\" data-element_type=\"widget\" data-widget_type=\"text-editor.default\">\n\t\t\t\t<div class=\"elementor-widget-container\">\n\t\t\t\t\t\t\t<p>When distributing property in a divorce, the first step is to determine which assets are considered family assets, business assets, or individual assets. While this is sometimes straightforward, legal representation is often needed to reach an agreement over which assets are considered to be family versus personal.<\/p><p>Other professionals, such as appraisers and realtors, can also become involved in this process when necessary. There may also be a period of extensive investigation if one party suspects there to be undisclosed assets.<\/p>\t\t\t\t\t\t<\/div>\n\t\t\t\t<\/div>\n\t\t\t\t<div class=\"elementor-element elementor-element-1db2c09 elementor-widget elementor-widget-text-editor\" data-id=\"1db2c09\" data-element_type=\"widget\" data-widget_type=\"text-editor.default\">\n\t\t\t\t<div class=\"elementor-widget-container\">\n\t\t\t\t\t\t\t<p><strong>The Evolve Family Law team is committed to assisting our clients in reaching a resolution that is both fair and efficient through this stressful time. <\/strong><\/p>\t\t\t\t\t\t<\/div>\n\t\t\t\t<\/div>\n\t\t\t\t\t<\/div>\n\t\t<\/div>\n\t\t\t\t\t\t\t<\/div>\n\t\t<\/section>\n\t\t\t\t<section class=\"has_eae_slider elementor-section elementor-top-section elementor-element elementor-element-0741e56 elementor-section-full_width elementor-section-height-default elementor-section-height-default\" data-id=\"0741e56\" data-element_type=\"section\" id=\"adoption\">\n\t\t\t\t\t\t<div class=\"elementor-container elementor-column-gap-no\">\n\t\t\t\t\t<div class=\"has_eae_slider elementor-column elementor-col-50 elementor-top-column elementor-element elementor-element-774a78b\" data-id=\"774a78b\" data-element_type=\"column\">\n\t\t\t<div class=\"elementor-widget-wrap elementor-element-populated\">\n\t\t\t\t\t\t\t\t<div class=\"elementor-element elementor-element-06ade2e elementor-widget elementor-widget-heading\" data-id=\"06ade2e\" data-element_type=\"widget\" data-widget_type=\"heading.default\">\n\t\t\t\t<div class=\"elementor-widget-container\">\n\t\t\t<h2 class=\"elementor-heading-title elementor-size-default\">Adoption & Guardianship<\/h2>\t\t<\/div>\n\t\t\t\t<\/div>\n\t\t\t\t<div class=\"elementor-element elementor-element-88537df elementor-widget elementor-widget-text-editor\" data-id=\"88537df\" data-element_type=\"widget\" data-widget_type=\"text-editor.default\">\n\t\t\t\t<div class=\"elementor-widget-container\">\n\t\t\t\t\t\t\t<p>The process of welcoming a child into your home and family is heartwarming, but it can also be challenging when it comes to legal proceedings. No matter what your situation entails, we are ready to discuss your options with you.<\/p>\t\t\t\t\t\t<\/div>\n\t\t\t\t<\/div>\n\t\t\t\t<div class=\"elementor-element elementor-element-21107f5 elementor-widget elementor-widget-heading\" data-id=\"21107f5\" data-element_type=\"widget\" data-widget_type=\"heading.default\">\n\t\t\t\t<div class=\"elementor-widget-container\">\n\t\t\t<h3 class=\"elementor-heading-title elementor-size-default\">Adoption<\/h3>\t\t<\/div>\n\t\t\t\t<\/div>\n\t\t\t\t<div class=\"elementor-element elementor-element-d54be0f elementor-widget elementor-widget-text-editor\" data-id=\"d54be0f\" data-element_type=\"widget\" data-widget_type=\"text-editor.default\">\n\t\t\t\t<div class=\"elementor-widget-container\">\n\t\t\t\t\t\t\t<p>Whether an adoptive parent or a birth parent, our team is here to help you understand your rights and obligations as you navigate the complexities of adoption.<\/p><p>Regardless of the type of adoption you are pursuing (agency adoption, relative and step-parent adoption, out of province adoption, or contested adoption), the team at Evolve Family Law is here to handle the legalities of your situation so that your efforts can remain focused on your growing family.<\/p>\t\t\t\t\t\t<\/div>\n\t\t\t\t<\/div>\n\t\t\t\t<div class=\"elementor-element elementor-element-3909679 elementor-widget elementor-widget-heading\" data-id=\"3909679\" data-element_type=\"widget\" data-widget_type=\"heading.default\">\n\t\t\t\t<div class=\"elementor-widget-container\">\n\t\t\t<h2 class=\"elementor-heading-title elementor-size-default\">Guardianship<\/h2>\t\t<\/div>\n\t\t\t\t<\/div>\n\t\t\t\t<div class=\"elementor-element elementor-element-eebcfa0 elementor-widget elementor-widget-text-editor\" data-id=\"eebcfa0\" data-element_type=\"widget\" data-widget_type=\"text-editor.default\">\n\t\t\t\t<div class=\"elementor-widget-container\">\n\t\t\t\t\t\t\t<p>While guardianship is usually maintained by an individual\u2019s next of kin, there are times when this person is unavailable to undertake the responsibilities of a guardian. In this instance, another family member or concerned friend may apply for guardianship.<\/p><p>For concerns regarding guardianship of a child or guardianship and co-decision-making for dependent adults, the Evolve Family Law team has the experience to assist with your situation.<\/p>\t\t\t\t\t\t<\/div>\n\t\t\t\t<\/div>\n\t\t\t\t<div class=\"elementor-element elementor-element-3f933fd elementor-widget elementor-widget-text-editor\" data-id=\"3f933fd\" data-element_type=\"widget\" data-widget_type=\"text-editor.default\">\n\t\t\t\t<div class=\"elementor-widget-container\">\n\t\t\t\t\t\t\t<p><strong>For more information on adoption and guardianship, reach out to our qualified team. We are more than happy to help you.<\/strong><\/p>\t\t\t\t\t\t<\/div>\n\t\t\t\t<\/div>\n\t\t\t\t\t<\/div>\n\t\t<\/div>\n\t\t\t\t<div class=\"has_eae_slider elementor-column elementor-col-50 elementor-top-column elementor-element elementor-element-6ee89c3 elementor-hidden-phone\" data-id=\"6ee89c3\" data-element_type=\"column\" data-settings=\"{&quot;background_background&quot;:&quot;classic&quot;}\">\n\t\t\t<div class=\"elementor-widget-wrap elementor-element-populated\">\n\t\t\t\t\t\t\t\t<section class=\"has_eae_slider elementor-section elementor-inner-section elementor-element elementor-element-04a457a elementor-section-boxed elementor-section-height-default elementor-section-height-default\" data-id=\"04a457a\" data-element_type=\"section\">\n\t\t\t\t\t\t<div class=\"elementor-container elementor-column-gap-default\">\n\t\t\t\t\t<div class=\"has_eae_slider elementor-column elementor-col-100 elementor-inner-column elementor-element elementor-element-2d25ebc\" data-id=\"2d25ebc\" data-element_type=\"column\">\n\t\t\t<div class=\"elementor-widget-wrap elementor-element-populated\">\n\t\t\t\t\t\t\t\t<div class=\"elementor-element elementor-element-6333988 elementor-widget elementor-widget-image\" data-id=\"6333988\" data-element_type=\"widget\" data-widget_type=\"image.default\">\n\t\t\t\t<div class=\"elementor-widget-container\">\n\t\t\t\t\t\t\t\t\t\t\t\t\t\t\t<img decoding=\"async\" width=\"605\" height=\"403\" src=\"https:\/\/evolvelaw.ca\/wp-content\/uploads\/2021\/03\/adoption-1024x682.jpg\" class=\"attachment-large size-large wp-image-3251\" alt=\"\" srcset=\"https:\/\/evolvelaw.ca\/wp-content\/uploads\/2021\/03\/adoption-1024x682.jpg 1024w, https:\/\/evolvelaw.ca\/wp-content\/uploads\/2021\/03\/adoption-300x200.jpg 300w, https:\/\/evolvelaw.ca\/wp-content\/uploads\/2021\/03\/adoption-768x512.jpg 768w, https:\/\/evolvelaw.ca\/wp-content\/uploads\/2021\/03\/adoption-100x67.jpg 100w, https:\/\/evolvelaw.ca\/wp-content\/uploads\/2021\/03\/adoption-150x100.jpg 150w, https:\/\/evolvelaw.ca\/wp-content\/uploads\/2021\/03\/adoption-200x133.jpg 200w, https:\/\/evolvelaw.ca\/wp-content\/uploads\/2021\/03\/adoption-450x300.jpg 450w, https:\/\/evolvelaw.ca\/wp-content\/uploads\/2021\/03\/adoption-600x400.jpg 600w, https:\/\/evolvelaw.ca\/wp-content\/uploads\/2021\/03\/adoption-900x600.jpg 900w, https:\/\/evolvelaw.ca\/wp-content\/uploads\/2021\/03\/adoption.jpg 1280w\" sizes=\"(max-width: 605px) 100vw, 605px\" \/>\t\t\t\t\t\t\t\t\t\t\t\t\t\t\t<\/div>\n\t\t\t\t<\/div>\n\t\t\t\t\t<\/div>\n\t\t<\/div>\n\t\t\t\t\t\t\t<\/div>\n\t\t<\/section>\n\t\t\t\t\t<\/div>\n\t\t<\/div>\n\t\t\t\t\t\t\t<\/div>\n\t\t<\/section>\n\t\t\t\t<section class=\"has_eae_slider elementor-section elementor-top-section elementor-element elementor-element-b8934a8 elementor-section-full_width elementor-reverse-tablet elementor-section-height-default elementor-section-height-default\" data-id=\"b8934a8\" data-element_type=\"section\" id=\"agreements\">\n\t\t\t\t\t\t<div class=\"elementor-container elementor-column-gap-no\">\n\t\t\t\t\t<div class=\"has_eae_slider elementor-column elementor-col-50 elementor-top-column elementor-element elementor-element-4090b0b elementor-hidden-phone\" data-id=\"4090b0b\" data-element_type=\"column\" data-settings=\"{&quot;background_background&quot;:&quot;classic&quot;}\">\n\t\t\t<div class=\"elementor-widget-wrap elementor-element-populated\">\n\t\t\t\t\t\t\t\t<section class=\"has_eae_slider elementor-section elementor-inner-section elementor-element elementor-element-4a7a103 elementor-section-boxed elementor-section-height-default elementor-section-height-default\" data-id=\"4a7a103\" data-element_type=\"section\">\n\t\t\t\t\t\t<div class=\"elementor-container elementor-column-gap-default\">\n\t\t\t\t\t<div class=\"has_eae_slider elementor-column elementor-col-100 elementor-inner-column elementor-element elementor-element-d6c2b64\" data-id=\"d6c2b64\" data-element_type=\"column\">\n\t\t\t<div class=\"elementor-widget-wrap elementor-element-populated\">\n\t\t\t\t\t\t\t\t<div class=\"elementor-element elementor-element-216ec5b elementor-widget elementor-widget-image\" data-id=\"216ec5b\" data-element_type=\"widget\" data-widget_type=\"image.default\">\n\t\t\t\t<div class=\"elementor-widget-container\">\n\t\t\t\t\t\t\t\t\t\t\t\t\t\t\t<img decoding=\"async\" width=\"605\" height=\"403\" src=\"https:\/\/evolvelaw.ca\/wp-content\/uploads\/2021\/03\/Agreements_1.1-1024x682.jpg\" class=\"attachment-large size-large wp-image-3252\" alt=\"\" srcset=\"https:\/\/evolvelaw.ca\/wp-content\/uploads\/2021\/03\/Agreements_1.1-1024x682.jpg 1024w, https:\/\/evolvelaw.ca\/wp-content\/uploads\/2021\/03\/Agreements_1.1-300x200.jpg 300w, https:\/\/evolvelaw.ca\/wp-content\/uploads\/2021\/03\/Agreements_1.1-768x512.jpg 768w, https:\/\/evolvelaw.ca\/wp-content\/uploads\/2021\/03\/Agreements_1.1-100x67.jpg 100w, https:\/\/evolvelaw.ca\/wp-content\/uploads\/2021\/03\/Agreements_1.1-150x100.jpg 150w, https:\/\/evolvelaw.ca\/wp-content\/uploads\/2021\/03\/Agreements_1.1-200x133.jpg 200w, https:\/\/evolvelaw.ca\/wp-content\/uploads\/2021\/03\/Agreements_1.1-450x300.jpg 450w, https:\/\/evolvelaw.ca\/wp-content\/uploads\/2021\/03\/Agreements_1.1-600x400.jpg 600w, https:\/\/evolvelaw.ca\/wp-content\/uploads\/2021\/03\/Agreements_1.1-900x600.jpg 900w, https:\/\/evolvelaw.ca\/wp-content\/uploads\/2021\/03\/Agreements_1.1.jpg 1280w\" sizes=\"(max-width: 605px) 100vw, 605px\" \/>\t\t\t\t\t\t\t\t\t\t\t\t\t\t\t<\/div>\n\t\t\t\t<\/div>\n\t\t\t\t\t<\/div>\n\t\t<\/div>\n\t\t\t\t\t\t\t<\/div>\n\t\t<\/section>\n\t\t\t\t\t<\/div>\n\t\t<\/div>\n\t\t\t\t<div class=\"has_eae_slider elementor-column elementor-col-50 elementor-top-column elementor-element elementor-element-46dae04\" data-id=\"46dae04\" data-element_type=\"column\">\n\t\t\t<div class=\"elementor-widget-wrap elementor-element-populated\">\n\t\t\t\t\t\t\t\t<div class=\"elementor-element elementor-element-8847a1d elementor-widget elementor-widget-heading\" data-id=\"8847a1d\" data-element_type=\"widget\" data-widget_type=\"heading.default\">\n\t\t\t\t<div class=\"elementor-widget-container\">\n\t\t\t<h2 class=\"elementor-heading-title elementor-size-default\">Agreements<\/h2>\t\t<\/div>\n\t\t\t\t<\/div>\n\t\t\t\t<div class=\"elementor-element elementor-element-24457fd elementor-widget elementor-widget-heading\" data-id=\"24457fd\" data-element_type=\"widget\" data-widget_type=\"heading.default\">\n\t\t\t\t<div class=\"elementor-widget-container\">\n\t\t\t<h3 class=\"elementor-heading-title elementor-size-default\">Interspousal Agreements<\/h3>\t\t<\/div>\n\t\t\t\t<\/div>\n\t\t\t\t<div class=\"elementor-element elementor-element-702209b elementor-widget elementor-widget-text-editor\" data-id=\"702209b\" data-element_type=\"widget\" data-widget_type=\"text-editor.default\">\n\t\t\t\t<div class=\"elementor-widget-container\">\n\t\t\t\t\t\t\t<p>Without an interspousal agreement, property and assets are subject to The Family Property Act during a divorce. For those who want special consideration in the event of a death or separation, an interspousal agreement (e.g. prenuptial agreement, cohabitation agreement) is essential to protecting their interests.<\/p><p>These agreements are commonly used to protect the inheritance of children from a previous marriage, the interests of a business partner, or any other allocation of assets that does not follow The Family Property Act.<\/p>\t\t\t\t\t\t<\/div>\n\t\t\t\t<\/div>\n\t\t\t\t<div class=\"elementor-element elementor-element-ed45557 elementor-widget elementor-widget-heading\" data-id=\"ed45557\" data-element_type=\"widget\" data-widget_type=\"heading.default\">\n\t\t\t\t<div class=\"elementor-widget-container\">\n\t\t\t<h3 class=\"elementor-heading-title elementor-size-default\">Prenuptial Agreements<\/h3>\t\t<\/div>\n\t\t\t\t<\/div>\n\t\t\t\t<div class=\"elementor-element elementor-element-f5a920d elementor-widget elementor-widget-text-editor\" data-id=\"f5a920d\" data-element_type=\"widget\" data-widget_type=\"text-editor.default\">\n\t\t\t\t<div class=\"elementor-widget-container\">\n\t\t\t\t\t\t\t\t\t\t\t\t\t<\/div>\n\t\t\t\t<\/div>\n\t\t\t\t<div class=\"elementor-element elementor-element-21c29c7 elementor-widget elementor-widget-heading\" data-id=\"21c29c7\" data-element_type=\"widget\" data-widget_type=\"heading.default\">\n\t\t\t\t<div class=\"elementor-widget-container\">\n\t\t\t<h3 class=\"elementor-heading-title elementor-size-default\">Cohabitation Agreements<\/h3>\t\t<\/div>\n\t\t\t\t<\/div>\n\t\t\t\t<div class=\"elementor-element elementor-element-13e2f58 elementor-widget elementor-widget-text-editor\" data-id=\"13e2f58\" data-element_type=\"widget\" data-widget_type=\"text-editor.default\">\n\t\t\t\t<div class=\"elementor-widget-container\">\n\t\t\t\t\t\t\t\t\t\t\t\t\t<\/div>\n\t\t\t\t<\/div>\n\t\t\t\t<div class=\"elementor-element elementor-element-6a33d2b elementor-widget elementor-widget-text-editor\" data-id=\"6a33d2b\" data-element_type=\"widget\" data-widget_type=\"text-editor.default\">\n\t\t\t\t<div class=\"elementor-widget-container\">\n\t\t\t\t\t\t\t<p><strong>If you would like to discuss your agreement options, we are here to help you find the option that suits your situation.<\/strong><\/p>\t\t\t\t\t\t<\/div>\n\t\t\t\t<\/div>\n\t\t\t\t\t<\/div>\n\t\t<\/div>\n\t\t\t\t\t\t\t<\/div>\n\t\t<\/section>\n\t\t\t\t<section class=\"has_eae_slider elementor-section elementor-top-section elementor-element elementor-element-5071d30 elementor-section-full_width elementor-section-height-default elementor-section-height-default\" data-id=\"5071d30\" data-element_type=\"section\" id=\"legal_advice\">\n\t\t\t\t\t\t<div class=\"elementor-container elementor-column-gap-no\">\n\t\t\t\t\t<div class=\"has_eae_slider elementor-column elementor-col-50 elementor-top-column elementor-element elementor-element-4951069\" data-id=\"4951069\" data-element_type=\"column\">\n\t\t\t<div class=\"elementor-widget-wrap elementor-element-populated\">\n\t\t\t\t\t\t\t\t<div class=\"elementor-element elementor-element-edb067e elementor-widget elementor-widget-heading\" data-id=\"edb067e\" data-element_type=\"widget\" data-widget_type=\"heading.default\">\n\t\t\t\t<div class=\"elementor-widget-container\">\n\t\t\t<h2 class=\"elementor-heading-title elementor-size-default\">Independent Legal Advice<\/h2>\t\t<\/div>\n\t\t\t\t<\/div>\n\t\t\t\t<div class=\"elementor-element elementor-element-5581e5e elementor-widget elementor-widget-text-editor\" data-id=\"5581e5e\" data-element_type=\"widget\" data-widget_type=\"text-editor.default\">\n\t\t\t\t<div class=\"elementor-widget-container\">\n\t\t\t\t\t\t\t<p style=\"font-style: normal; font-variant-ligatures: none; font-variant-caps: normal; font-weight: 300; font-size: 16px; font-family: Helvetica, Roboto;\">Our office can assist by advising you in relation to an agreement you have already reached with another party.<\/p><p style=\"margin-bottom: 0px; font-style: normal; font-variant-ligatures: none; font-variant-caps: normal; font-weight: 300; font-size: 16px; font-family: Helvetica, Roboto;\">Pursuant to The Family Property Act, Independent Legal Advice may be necessary to ensure an Agreement is a valid Interspousal Agreement as defined by the legislation.<\/p><p>These agreements are commonly used to protect the inheritance of children from a previous marriage, the interests of a business partner, or any other allocation of assets that does not follow The Family Property Act.<\/p>\t\t\t\t\t\t<\/div>\n\t\t\t\t<\/div>\n\t\t\t\t<div class=\"elementor-element elementor-element-3eb78b0 elementor-widget elementor-widget-text-editor\" data-id=\"3eb78b0\" data-element_type=\"widget\" data-widget_type=\"text-editor.default\">\n\t\t\t\t<div class=\"elementor-widget-container\">\n\t\t\t\t\t\t\t<p><span style=\"font-style: normal; font-variant-ligatures: none; font-variant-caps: normal; font-weight: bold; font-size: 16px; font-family: Helvetica, Roboto;\">The Evolve Family Law team is committed to assisting our clients in cost effective resolutions, if you require independent legal advice we are one click away.<\/span><\/p>\t\t\t\t\t\t<\/div>\n\t\t\t\t<\/div>\n\t\t\t\t\t<\/div>\n\t\t<\/div>\n\t\t\t\t<div class=\"has_eae_slider elementor-column elementor-col-50 elementor-top-column elementor-element elementor-element-8d1752a elementor-hidden-phone\" data-id=\"8d1752a\" data-element_type=\"column\" data-settings=\"{&quot;background_background&quot;:&quot;classic&quot;}\">\n\t\t\t<div class=\"elementor-widget-wrap elementor-element-populated\">\n\t\t\t\t\t\t\t\t<div class=\"elementor-element elementor-element-12c342f elementor-widget elementor-widget-image\" data-id=\"12c342f\" data-element_type=\"widget\" data-widget_type=\"image.default\">\n\t\t\t\t<div class=\"elementor-widget-container\">\n\t\t\t\t\t\t\t\t\t\t\t\t\t\t\t<img decoding=\"async\" width=\"605\" height=\"404\" src=\"https:\/\/evolvelaw.ca\/wp-content\/uploads\/2021\/03\/Legal_advice_1.2-1024x683.jpg\" class=\"attachment-large size-large wp-image-3287\" alt=\"\" srcset=\"https:\/\/evolvelaw.ca\/wp-content\/uploads\/2021\/03\/Legal_advice_1.2-1024x683.jpg 1024w, https:\/\/evolvelaw.ca\/wp-content\/uploads\/2021\/03\/Legal_advice_1.2-300x200.jpg 300w, https:\/\/evolvelaw.ca\/wp-content\/uploads\/2021\/03\/Legal_advice_1.2-768x512.jpg 768w, https:\/\/evolvelaw.ca\/wp-content\/uploads\/2021\/03\/Legal_advice_1.2-100x67.jpg 100w, https:\/\/evolvelaw.ca\/wp-content\/uploads\/2021\/03\/Legal_advice_1.2-150x100.jpg 150w, https:\/\/evolvelaw.ca\/wp-content\/uploads\/2021\/03\/Legal_advice_1.2-200x133.jpg 200w, https:\/\/evolvelaw.ca\/wp-content\/uploads\/2021\/03\/Legal_advice_1.2-450x300.jpg 450w, https:\/\/evolvelaw.ca\/wp-content\/uploads\/2021\/03\/Legal_advice_1.2-600x400.jpg 600w, https:\/\/evolvelaw.ca\/wp-content\/uploads\/2021\/03\/Legal_advice_1.2-900x600.jpg 900w, https:\/\/evolvelaw.ca\/wp-content\/uploads\/2021\/03\/Legal_advice_1.2.jpg 1280w\" sizes=\"(max-width: 605px) 100vw, 605px\" \/>\t\t\t\t\t\t\t\t\t\t\t\t\t\t\t<\/div>\n\t\t\t\t<\/div>\n\t\t\t\t\t<\/div>\n\t\t<\/div>\n\t\t\t\t\t\t\t<\/div>\n\t\t<\/section>\n\t\t\t\t\t\t\t<\/div>\n\t\t","protected":false},"excerpt":{"rendered":"<p>Family Law Services We help you navigate emotional and stressful times Evolve Law practices exclusively Family Law and offers all of our services unbundled. This adds value and affordability. Unbundled services allow our clients to assess the risks and costs &hellip;<\/p>\n<p class=\"read-more\"> <a class=\"more-link\" href=\"https:\/\/evolvelaw.ca\/services\/\"> <span class=\"screen-reader-text\">Services<\/span> Read More &raquo;<\/a><\/p>\n","protected":false},"author":1,"featured_media":0,"parent":0,"menu_order":0,"comment_status":"closed","ping_status":"closed","template":"gutenberg-fullwidth.php","meta":{"footnotes":""},"_links":{"self":[{"href":"https:\/\/evolvelaw.ca\/wp-json\/wp\/v2\/pages\/126"}],"collection":[{"href":"https:\/\/evolvelaw.ca\/wp-json\/wp\/v2\/pages"}],"about":[{"href":"https:\/\/evolvelaw.ca\/wp-json\/wp\/v2\/types\/page"}],"author":[{"embeddable":true,"href":"https:\/\/evolvelaw.ca\/wp-json\/wp\/v2\/users\/1"}],"replies":[{"embeddable":true,"href":"https:\/\/evolvelaw.ca\/wp-json\/wp\/v2\/comments?post=126"}],"version-history":[{"count":5,"href":"https:\/\/evolvelaw.ca\/wp-json\/wp\/v2\/pages\/126\/revisions"}],"predecessor-version":[{"id":10122,"href":"https:\/\/evolvelaw.ca\/wp-json\/wp\/v2\/pages\/126\/revisions\/10122"}],"wp:attachment":[{"href":"https:\/\/evolvelaw.ca\/wp-json\/wp\/v2\/media?parent=126"}],"curies":[{"name":"wp","href":"https:\/\/api.w.org\/{rel}","templated":true}]}}