{"id":26,"date":"2020-04-20T21:32:09","date_gmt":"2020-04-21T03:32:09","guid":{"rendered":"https:\/\/evolvelaw.ca\/?page_id=26"},"modified":"2023-09-12T14:06:22","modified_gmt":"2023-09-12T20:06:22","slug":"about-us","status":"publish","type":"page","link":"https:\/\/evolvelaw.ca\/about-us\/","title":{"rendered":"About Us"},"content":{"rendered":"\t\t<div data-elementor-type=\"wp-page\" data-elementor-id=\"26\" class=\"elementor elementor-26\" data-elementor-post-type=\"page\">\n\t\t\t\t\t\t\t\t\t<section class=\"has_eae_slider elementor-section elementor-top-section elementor-element elementor-element-3b194ae8 elementor-section-height-min-height elementor-section-items-stretch elementor-section-content-bottom elementor-section-boxed elementor-section-height-default\" data-id=\"3b194ae8\" data-element_type=\"section\" data-settings=\"{&quot;background_background&quot;:&quot;classic&quot;}\">\n\t\t\t\t\t\t\t<div class=\"elementor-background-overlay\"><\/div>\n\t\t\t\t\t\t\t<div class=\"elementor-container elementor-column-gap-no\">\n\t\t\t\t\t<div class=\"has_eae_slider elementor-column elementor-col-50 elementor-top-column elementor-element elementor-element-1a5a5834\" data-id=\"1a5a5834\" data-element_type=\"column\">\n\t\t\t<div class=\"elementor-widget-wrap elementor-element-populated\">\n\t\t\t\t\t\t\t\t<div class=\"elementor-element elementor-element-1853743 elementor-widget elementor-widget-heading\" data-id=\"1853743\" data-element_type=\"widget\" data-widget_type=\"heading.default\">\n\t\t\t\t<div class=\"elementor-widget-container\">\n\t\t\t<h4 class=\"elementor-heading-title elementor-size-default\">About Us<\/h4>\t\t<\/div>\n\t\t\t\t<\/div>\n\t\t\t\t\t<\/div>\n\t\t<\/div>\n\t\t\t\t<div class=\"has_eae_slider elementor-column elementor-col-50 elementor-top-column elementor-element elementor-element-2c57b6f\" data-id=\"2c57b6f\" data-element_type=\"column\">\n\t\t\t<div class=\"elementor-widget-wrap\">\n\t\t\t\t\t\t\t\t\t<\/div>\n\t\t<\/div>\n\t\t\t\t\t\t\t<\/div>\n\t\t<\/section>\n\t\t\t\t<section class=\"has_eae_slider elementor-section elementor-top-section elementor-element elementor-element-bc9dab8 elementor-section-boxed elementor-section-height-default elementor-section-height-default\" data-id=\"bc9dab8\" data-element_type=\"section\" data-settings=\"{&quot;background_background&quot;:&quot;classic&quot;}\">\n\t\t\t\t\t\t<div class=\"elementor-container elementor-column-gap-default\">\n\t\t\t\t\t<div class=\"has_eae_slider elementor-column elementor-col-50 elementor-top-column elementor-element elementor-element-27211d5\" data-id=\"27211d5\" data-element_type=\"column\">\n\t\t\t<div class=\"elementor-widget-wrap elementor-element-populated\">\n\t\t\t\t\t\t\t\t<div class=\"elementor-element elementor-element-100a0f7a elementor-widget elementor-widget-heading\" data-id=\"100a0f7a\" data-element_type=\"widget\" data-widget_type=\"heading.default\">\n\t\t\t\t<div class=\"elementor-widget-container\">\n\t\t\t<h2 class=\"elementor-heading-title elementor-size-default\">Family Law Exclusive<\/h2>\t\t<\/div>\n\t\t\t\t<\/div>\n\t\t\t\t<div class=\"elementor-element elementor-element-20121b75 elementor-widget elementor-widget-text-editor\" data-id=\"20121b75\" data-element_type=\"widget\" data-widget_type=\"text-editor.default\">\n\t\t\t\t<div class=\"elementor-widget-container\">\n\t\t\t\t\t\t\t<p>We limit our practice exclusively to family law because we strive to be the most knowledgeable and informed in our field.<\/p><p>Narrowing our activity ensures we have a continuous pulse on the latest trends, precedents, and case law, and are at the forefront of new developments in family law.<\/p>\t\t\t\t\t\t<\/div>\n\t\t\t\t<\/div>\n\t\t\t\t<div class=\"elementor-element elementor-element-d324942 elementor-hidden-phone elementor-widget elementor-widget-spacer\" data-id=\"d324942\" data-element_type=\"widget\" data-widget_type=\"spacer.default\">\n\t\t\t\t<div class=\"elementor-widget-container\">\n\t\t\t\t\t<div class=\"elementor-spacer\">\n\t\t\t<div class=\"elementor-spacer-inner\"><\/div>\n\t\t<\/div>\n\t\t\t\t<\/div>\n\t\t\t\t<\/div>\n\t\t\t\t<div class=\"elementor-element elementor-element-359d012 elementor-widget elementor-widget-spacer\" data-id=\"359d012\" data-element_type=\"widget\" data-widget_type=\"spacer.default\">\n\t\t\t\t<div class=\"elementor-widget-container\">\n\t\t\t\t\t<div class=\"elementor-spacer\">\n\t\t\t<div class=\"elementor-spacer-inner\"><\/div>\n\t\t<\/div>\n\t\t\t\t<\/div>\n\t\t\t\t<\/div>\n\t\t\t\t\t<\/div>\n\t\t<\/div>\n\t\t\t\t<div class=\"has_eae_slider elementor-column elementor-col-50 elementor-top-column elementor-element elementor-element-316a93a\" data-id=\"316a93a\" data-element_type=\"column\">\n\t\t\t<div class=\"elementor-widget-wrap elementor-element-populated\">\n\t\t\t\t\t\t\t\t<div class=\"elementor-element elementor-element-ed2637e elementor-hidden-phone elementor-hidden-tablet elementor-widget elementor-widget-spacer\" data-id=\"ed2637e\" data-element_type=\"widget\" data-widget_type=\"spacer.default\">\n\t\t\t\t<div class=\"elementor-widget-container\">\n\t\t\t\t\t<div class=\"elementor-spacer\">\n\t\t\t<div class=\"elementor-spacer-inner\"><\/div>\n\t\t<\/div>\n\t\t\t\t<\/div>\n\t\t\t\t<\/div>\n\t\t\t\t<section class=\"has_eae_slider elementor-section elementor-inner-section elementor-element elementor-element-29303cc elementor-section-boxed elementor-section-height-default elementor-section-height-default\" data-id=\"29303cc\" data-element_type=\"section\">\n\t\t\t\t\t\t<div class=\"elementor-container elementor-column-gap-default\">\n\t\t\t\t\t<div class=\"has_eae_slider elementor-column elementor-col-50 elementor-inner-column elementor-element elementor-element-45bef73\" data-id=\"45bef73\" data-element_type=\"column\">\n\t\t\t<div class=\"elementor-widget-wrap elementor-element-populated\">\n\t\t\t\t\t\t\t\t<div class=\"elementor-element elementor-element-56b2ae6 elementor-view-default elementor-position-top elementor-mobile-position-top elementor-widget elementor-widget-icon-box\" data-id=\"56b2ae6\" data-element_type=\"widget\" data-widget_type=\"icon-box.default\">\n\t\t\t\t<div class=\"elementor-widget-container\">\n\t\t\t\t\t<div class=\"elementor-icon-box-wrapper\">\n\t\t\t\t\t\t<div class=\"elementor-icon-box-icon\">\n\t\t\t\t<span  class=\"elementor-icon elementor-animation-\">\n\t\t\t\t<i aria-hidden=\"true\" class=\"far fa-check-square\"><\/i>\t\t\t\t<\/span>\n\t\t\t<\/div>\n\t\t\t\t\t\t<div class=\"elementor-icon-box-content\">\n\t\t\t\t<h2 class=\"elementor-icon-box-title\">\n\t\t\t\t\t<span  >\n\t\t\t\t\t\t\t\t\t\t\t<\/span>\n\t\t\t\t<\/h2>\n\t\t\t\t\t\t\t\t\t<p class=\"elementor-icon-box-description\">\n\t\t\t\t\t\tEvolve Law offers all of our services unbundled, which means we work on a flat fee system and not an hourly billing system.\t\t\t\t\t<\/p>\n\t\t\t\t\t\t\t<\/div>\n\t\t<\/div>\n\t\t\t\t<\/div>\n\t\t\t\t<\/div>\n\t\t\t\t\t<\/div>\n\t\t<\/div>\n\t\t\t\t<div class=\"has_eae_slider elementor-column elementor-col-50 elementor-inner-column elementor-element elementor-element-8e0abd9\" data-id=\"8e0abd9\" data-element_type=\"column\">\n\t\t\t<div class=\"elementor-widget-wrap elementor-element-populated\">\n\t\t\t\t\t\t\t\t<div class=\"elementor-element elementor-element-e5c4b85 elementor-view-default elementor-position-top elementor-mobile-position-top elementor-widget elementor-widget-icon-box\" data-id=\"e5c4b85\" data-element_type=\"widget\" data-widget_type=\"icon-box.default\">\n\t\t\t\t<div class=\"elementor-widget-container\">\n\t\t\t\t\t<div class=\"elementor-icon-box-wrapper\">\n\t\t\t\t\t\t<div class=\"elementor-icon-box-icon\">\n\t\t\t\t<span  class=\"elementor-icon elementor-animation-\">\n\t\t\t\t<i aria-hidden=\"true\" class=\"far fa-check-square\"><\/i>\t\t\t\t<\/span>\n\t\t\t<\/div>\n\t\t\t\t\t\t<div class=\"elementor-icon-box-content\">\n\t\t\t\t<h3 class=\"elementor-icon-box-title\">\n\t\t\t\t\t<span  >\n\t\t\t\t\t\t\t\t\t\t\t<\/span>\n\t\t\t\t<\/h3>\n\t\t\t\t\t\t\t\t\t<p class=\"elementor-icon-box-description\">\n\t\t\t\t\t\tEvolve Law places an emphasis on integrating technology into our practice to provide a more efficient and client-centered experience.\t\t\t\t\t<\/p>\n\t\t\t\t\t\t\t<\/div>\n\t\t<\/div>\n\t\t\t\t<\/div>\n\t\t\t\t<\/div>\n\t\t\t\t\t<\/div>\n\t\t<\/div>\n\t\t\t\t\t\t\t<\/div>\n\t\t<\/section>\n\t\t\t\t<section class=\"has_eae_slider elementor-section elementor-inner-section elementor-element elementor-element-d7df9a1 elementor-section-boxed elementor-section-height-default elementor-section-height-default\" data-id=\"d7df9a1\" data-element_type=\"section\">\n\t\t\t\t\t\t<div class=\"elementor-container elementor-column-gap-default\">\n\t\t\t\t\t<div class=\"has_eae_slider elementor-column elementor-col-50 elementor-inner-column elementor-element elementor-element-1fe91ac\" data-id=\"1fe91ac\" data-element_type=\"column\">\n\t\t\t<div class=\"elementor-widget-wrap elementor-element-populated\">\n\t\t\t\t\t\t\t\t<div class=\"elementor-element elementor-element-f450eff elementor-view-default elementor-position-top elementor-mobile-position-top elementor-widget elementor-widget-icon-box\" data-id=\"f450eff\" data-element_type=\"widget\" data-widget_type=\"icon-box.default\">\n\t\t\t\t<div class=\"elementor-widget-container\">\n\t\t\t\t\t<div class=\"elementor-icon-box-wrapper\">\n\t\t\t\t\t\t<div class=\"elementor-icon-box-icon\">\n\t\t\t\t<span  class=\"elementor-icon elementor-animation-\">\n\t\t\t\t<i aria-hidden=\"true\" class=\"far fa-check-square\"><\/i>\t\t\t\t<\/span>\n\t\t\t<\/div>\n\t\t\t\t\t\t<div class=\"elementor-icon-box-content\">\n\t\t\t\t<h3 class=\"elementor-icon-box-title\">\n\t\t\t\t\t<span  >\n\t\t\t\t\t\t\t\t\t\t\t<\/span>\n\t\t\t\t<\/h3>\n\t\t\t\t\t\t\t\t\t<p class=\"elementor-icon-box-description\">\n\t\t\t\t\t\tEvolve Law is anything and everything family law related.\t\t\t\t\t<\/p>\n\t\t\t\t\t\t\t<\/div>\n\t\t<\/div>\n\t\t\t\t<\/div>\n\t\t\t\t<\/div>\n\t\t\t\t\t<\/div>\n\t\t<\/div>\n\t\t\t\t<div class=\"has_eae_slider elementor-column elementor-col-50 elementor-inner-column elementor-element elementor-element-c0df267\" data-id=\"c0df267\" data-element_type=\"column\">\n\t\t\t<div class=\"elementor-widget-wrap\">\n\t\t\t\t\t\t\t\t\t<\/div>\n\t\t<\/div>\n\t\t\t\t\t\t\t<\/div>\n\t\t<\/section>\n\t\t\t\t<div class=\"elementor-element elementor-element-0b710c6 elementor-widget elementor-widget-spacer\" data-id=\"0b710c6\" data-element_type=\"widget\" data-widget_type=\"spacer.default\">\n\t\t\t\t<div class=\"elementor-widget-container\">\n\t\t\t\t\t<div class=\"elementor-spacer\">\n\t\t\t<div class=\"elementor-spacer-inner\"><\/div>\n\t\t<\/div>\n\t\t\t\t<\/div>\n\t\t\t\t<\/div>\n\t\t\t\t\t<\/div>\n\t\t<\/div>\n\t\t\t\t\t\t\t<\/div>\n\t\t<\/section>\n\t\t\t\t<section class=\"has_eae_slider elementor-section elementor-top-section elementor-element elementor-element-59a856d elementor-section-boxed elementor-section-height-default elementor-section-height-default\" data-id=\"59a856d\" data-element_type=\"section\" data-settings=\"{&quot;background_background&quot;:&quot;classic&quot;}\">\n\t\t\t\t\t\t\t<div class=\"elementor-background-overlay\"><\/div>\n\t\t\t\t\t\t\t<div class=\"elementor-container elementor-column-gap-default\">\n\t\t\t\t\t<div class=\"has_eae_slider elementor-column elementor-col-100 elementor-top-column elementor-element elementor-element-8db7c8a\" data-id=\"8db7c8a\" data-element_type=\"column\">\n\t\t\t<div class=\"elementor-widget-wrap elementor-element-populated\">\n\t\t\t\t\t\t\t\t<div class=\"elementor-element elementor-element-954b2af elementor-widget elementor-widget-menu-anchor\" data-id=\"954b2af\" data-element_type=\"widget\" data-widget_type=\"menu-anchor.default\">\n\t\t\t\t<div class=\"elementor-widget-container\">\n\t\t\t\t\t<div id=\"ourteam\" class=\"elementor-menu-anchor\"><\/div>\n\t\t\t\t<\/div>\n\t\t\t\t<\/div>\n\t\t\t\t<div class=\"elementor-element elementor-element-6beddb5 elementor-widget elementor-widget-heading\" data-id=\"6beddb5\" data-element_type=\"widget\" data-widget_type=\"heading.default\">\n\t\t\t\t<div class=\"elementor-widget-container\">\n\t\t\t<h1 class=\"elementor-heading-title elementor-size-default\">Our Saskatoon Family Lawyers<\/h1>\t\t<\/div>\n\t\t\t\t<\/div>\n\t\t\t\t<div class=\"elementor-element elementor-element-950286d elementor-widget elementor-widget-text-editor\" data-id=\"950286d\" data-element_type=\"widget\" data-widget_type=\"text-editor.default\">\n\t\t\t\t<div class=\"elementor-widget-container\">\n\t\t\t\t\t\t\t<p>Families come to us when most vulnerable, entrusting us to protect the interests of their family, no matter form or state. For us to be open, and in a sense vulnerable, with our fees seems like a fair request we commit to deliver.<\/p>\t\t\t\t\t\t<\/div>\n\t\t\t\t<\/div>\n\t\t\t\t\t<\/div>\n\t\t<\/div>\n\t\t\t\t\t\t\t<\/div>\n\t\t<\/section>\n\t\t\t\t<section class=\"has_eae_slider elementor-section elementor-top-section elementor-element elementor-element-6878db14 elementor-section-boxed elementor-section-height-default elementor-section-height-default\" data-id=\"6878db14\" data-element_type=\"section\" data-settings=\"{&quot;background_background&quot;:&quot;classic&quot;}\">\n\t\t\t\t\t\t<div class=\"elementor-container elementor-column-gap-no\">\n\t\t\t\t\t<div class=\"has_eae_slider elementor-column elementor-col-100 elementor-top-column elementor-element elementor-element-67b22446\" data-id=\"67b22446\" data-element_type=\"column\">\n\t\t\t<div class=\"elementor-widget-wrap elementor-element-populated\">\n\t\t\t\t\t\t\t\t<section class=\"has_eae_slider elementor-section elementor-inner-section elementor-element elementor-element-7f374338 elementor-section-content-middle elementor-section-boxed elementor-section-height-default elementor-section-height-default\" data-id=\"7f374338\" data-element_type=\"section\" data-settings=\"{&quot;background_background&quot;:&quot;classic&quot;}\">\n\t\t\t\t\t\t<div class=\"elementor-container elementor-column-gap-no\">\n\t\t\t\t\t<div class=\"has_eae_slider elementor-column elementor-col-50 elementor-inner-column elementor-element elementor-element-34ec2caa\" data-id=\"34ec2caa\" data-element_type=\"column\">\n\t\t\t<div class=\"elementor-widget-wrap elementor-element-populated\">\n\t\t\t\t\t\t\t\t<div class=\"elementor-element elementor-element-7b3076d4 elementor-invisible elementor-widget elementor-widget-image\" data-id=\"7b3076d4\" data-element_type=\"widget\" data-settings=\"{&quot;_animation&quot;:&quot;fadeIn&quot;}\" data-widget_type=\"image.default\">\n\t\t\t\t<div class=\"elementor-widget-container\">\n\t\t\t\t\t\t\t\t\t\t\t\t\t\t\t<img decoding=\"async\" width=\"603\" height=\"813\" src=\"https:\/\/evolvelaw.ca\/wp-content\/uploads\/2022\/07\/beau-blue-frame.png\" class=\"attachment-full size-full wp-image-9716\" alt=\"\" srcset=\"https:\/\/evolvelaw.ca\/wp-content\/uploads\/2022\/07\/beau-blue-frame.png 603w, https:\/\/evolvelaw.ca\/wp-content\/uploads\/2022\/07\/beau-blue-frame-223x300.png 223w, https:\/\/evolvelaw.ca\/wp-content\/uploads\/2022\/07\/beau-blue-frame-100x135.png 100w, https:\/\/evolvelaw.ca\/wp-content\/uploads\/2022\/07\/beau-blue-frame-150x202.png 150w, https:\/\/evolvelaw.ca\/wp-content\/uploads\/2022\/07\/beau-blue-frame-200x270.png 200w, https:\/\/evolvelaw.ca\/wp-content\/uploads\/2022\/07\/beau-blue-frame-300x404.png 300w, https:\/\/evolvelaw.ca\/wp-content\/uploads\/2022\/07\/beau-blue-frame-450x607.png 450w, https:\/\/evolvelaw.ca\/wp-content\/uploads\/2022\/07\/beau-blue-frame-600x809.png 600w\" sizes=\"(max-width: 603px) 100vw, 603px\" \/>\t\t\t\t\t\t\t\t\t\t\t\t\t\t\t<\/div>\n\t\t\t\t<\/div>\n\t\t\t\t\t<\/div>\n\t\t<\/div>\n\t\t\t\t<div class=\"has_eae_slider elementor-column elementor-col-50 elementor-inner-column elementor-element elementor-element-6f5d6f80 elementor-invisible\" data-id=\"6f5d6f80\" data-element_type=\"column\" data-settings=\"{&quot;animation&quot;:&quot;fadeInRight&quot;,&quot;background_background&quot;:&quot;classic&quot;}\">\n\t\t\t<div class=\"elementor-widget-wrap elementor-element-populated\">\n\t\t\t\t\t\t\t\t<div class=\"elementor-element elementor-element-3975e elementor-vertical-align-top elementor-widget elementor-widget-image-box\" data-id=\"3975e\" data-element_type=\"widget\" data-widget_type=\"image-box.default\">\n\t\t\t\t<div class=\"elementor-widget-container\">\n\t\t\t<div class=\"elementor-image-box-wrapper\"><div class=\"elementor-image-box-content\"><h3 class=\"elementor-image-box-title\"><b>Beau Atkins<\/b><br>Founder - Lawyer<\/h3><p class=\"elementor-image-box-description\">Beau Atkins is the founder of Evolve Family Law and one of it\u2019s lawyers. After his own frustrating journey navigating the family justice system, Beau leveraged technology and prioritized it\u2019s weaving into all firm processes, law and business alike, to better serve both his clients and the public.<br>\n<br>\nBeau\u2019s unapologetic push towards flat-rate billing and the unbundling of legal services further supports his efforts.\n\nBonus Fact: He speaks fluent Spanish. \n\n<\/p><\/div><\/div>\t\t<\/div>\n\t\t\t\t<\/div>\n\t\t\t\t\t<\/div>\n\t\t<\/div>\n\t\t\t\t\t\t\t<\/div>\n\t\t<\/section>\n\t\t\t\t<div class=\"elementor-element elementor-element-2067409 elementor-widget elementor-widget-eael-adv-accordion\" data-id=\"2067409\" data-element_type=\"widget\" data-widget_type=\"eael-adv-accordion.default\">\n\t\t\t\t<div class=\"elementor-widget-container\">\n\t\t\t        <div class=\"eael-adv-accordion\" id=\"eael-adv-accordion-2067409\" data-accordion-id=\"2067409\" data-accordion-type=\"accordion\" data-toogle-speed=\"300\">\n    <div class=\"eael-accordion-list\">\n                <div id=\"beaus-story\" class=\"elementor-tab-title eael-accordion-header\" tabindex=\"0\" data-tab=\"1\" aria-controls=\"elementor-tab-content-3391\"><span class=\"eael-advanced-accordion-icon-closed\"><i aria-hidden=\"true\" class=\"fa-accordion-icon fas fa-angle-right\"><\/i><\/span><span class=\"eael-advanced-accordion-icon-opened\"><i aria-hidden=\"true\" class=\"fa-accordion-icon fas fa-angle-down\"><\/i><\/span><span class=\"eael-accordion-tab-title\">Beau's Story<\/span><i aria-hidden=\"true\" class=\"fa-toggle fas fa-angle-right\"><\/i><\/div><div id=\"elementor-tab-content-3391\" class=\"eael-accordion-content clearfix\" data-tab=\"1\" aria-labelledby=\"beaus-story\"><p><p><span data-contrast=\"auto\">&#8220;Just f#$%ing leave!&#8221; I shouted at my dad during one of his many fights with my mom. This one was particularly bad, sounding like it might get physical (even though they never had before). The eldest of three boys, I was just 14-years-old. It wasn&#8217;t for about 25 years until I discovered the childhood trauma that and my parents&#8217; divorce scarred me with. It scarred me and my younger brothers. Just over a decade later, it was as if history was repeating itself as I experienced my own divorce from my son&#8217;s mom in my last year of law school. That, too, I now realize caused trauma I carried into my professional career.<\/span><span data-ccp-props=\"{&quot;201341983&quot;:0,&quot;335559739&quot;:0,&quot;335559740&quot;:240}\">\u00a0<\/span><\/p><p><span data-ccp-props=\"{&quot;201341983&quot;:0,&quot;335559739&quot;:0,&quot;335559740&quot;:240}\">\u00a0<\/span><\/p><p><span data-contrast=\"auto\">Now, over a decade of practice as a family law lawyer, I fully appreciate the anxiety, uncertainty and unpredictable path separation and divorce can have. Separating spouses are often the worst version of themselves. Unknowingly and certainly unintentionally, they inflict harm on their children which will traumatize them into adulthood.<\/span><span data-ccp-props=\"{&quot;201341983&quot;:0,&quot;335559739&quot;:0,&quot;335559740&quot;:240}\">\u00a0<\/span><\/p><p><span data-ccp-props=\"{&quot;201341983&quot;:0,&quot;335559739&quot;:0,&quot;335559740&quot;:240}\">\u00a0<\/span><\/p><p><span data-contrast=\"auto\">In 2020, I founded Evolve Law. The goal was to do things a little different. We established flat-rate services, structured payment plans, and created workflows to help us better focus on moving people smoothly towards resolution. I am proud of the team we have, each with specific roles designed to efficiently and effectively navigate separating spouses through their separation. Helping people separate smoothly and in a way that minimally affects their children has become my obsession. I look forward to speaking with each new client to see how we might be able to support them in their journey.<\/span><span data-ccp-props=\"{&quot;201341983&quot;:0,&quot;335559739&quot;:0,&quot;335559740&quot;:240}\">\u00a0<\/span><\/p><\/p><\/div>\n                <\/div><\/div>\t\t<\/div>\n\t\t\t\t<\/div>\n\t\t\t\t\t<\/div>\n\t\t<\/div>\n\t\t\t\t\t\t\t<\/div>\n\t\t<\/section>\n\t\t\t\t<section class=\"has_eae_slider elementor-section elementor-top-section elementor-element elementor-element-5a0f973d elementor-section-boxed elementor-section-height-default elementor-section-height-default\" data-id=\"5a0f973d\" data-element_type=\"section\" data-settings=\"{&quot;background_background&quot;:&quot;classic&quot;}\">\n\t\t\t\t\t\t<div class=\"elementor-container elementor-column-gap-no\">\n\t\t\t\t\t<div class=\"has_eae_slider elementor-column elementor-col-100 elementor-top-column elementor-element elementor-element-5ebffa11\" data-id=\"5ebffa11\" data-element_type=\"column\">\n\t\t\t<div class=\"elementor-widget-wrap elementor-element-populated\">\n\t\t\t\t\t\t\t\t<section class=\"has_eae_slider elementor-section elementor-inner-section elementor-element elementor-element-752e540b elementor-section-content-middle elementor-section-boxed elementor-section-height-default elementor-section-height-default\" data-id=\"752e540b\" data-element_type=\"section\" data-settings=\"{&quot;background_background&quot;:&quot;classic&quot;}\">\n\t\t\t\t\t\t<div class=\"elementor-container elementor-column-gap-no\">\n\t\t\t\t\t<div class=\"has_eae_slider elementor-column elementor-col-50 elementor-inner-column elementor-element elementor-element-1bc1bc0a\" data-id=\"1bc1bc0a\" data-element_type=\"column\">\n\t\t\t<div class=\"elementor-widget-wrap elementor-element-populated\">\n\t\t\t\t\t\t\t\t<div class=\"elementor-element elementor-element-43e67277 elementor-invisible elementor-widget elementor-widget-image\" data-id=\"43e67277\" data-element_type=\"widget\" data-settings=\"{&quot;_animation&quot;:&quot;fadeIn&quot;}\" data-widget_type=\"image.default\">\n\t\t\t\t<div class=\"elementor-widget-container\">\n\t\t\t\t\t\t\t\t\t\t\t\t\t\t\t<img decoding=\"async\" width=\"604\" height=\"809\" src=\"https:\/\/evolvelaw.ca\/wp-content\/uploads\/2022\/07\/Melissa-blue-frame.png\" class=\"attachment-full size-full wp-image-9703\" alt=\"lawyer-2\" srcset=\"https:\/\/evolvelaw.ca\/wp-content\/uploads\/2022\/07\/Melissa-blue-frame.png 604w, https:\/\/evolvelaw.ca\/wp-content\/uploads\/2022\/07\/Melissa-blue-frame-224x300.png 224w, https:\/\/evolvelaw.ca\/wp-content\/uploads\/2022\/07\/Melissa-blue-frame-100x134.png 100w, https:\/\/evolvelaw.ca\/wp-content\/uploads\/2022\/07\/Melissa-blue-frame-150x201.png 150w, https:\/\/evolvelaw.ca\/wp-content\/uploads\/2022\/07\/Melissa-blue-frame-200x268.png 200w, https:\/\/evolvelaw.ca\/wp-content\/uploads\/2022\/07\/Melissa-blue-frame-300x402.png 300w, https:\/\/evolvelaw.ca\/wp-content\/uploads\/2022\/07\/Melissa-blue-frame-450x603.png 450w, https:\/\/evolvelaw.ca\/wp-content\/uploads\/2022\/07\/Melissa-blue-frame-600x804.png 600w\" sizes=\"(max-width: 604px) 100vw, 604px\" \/>\t\t\t\t\t\t\t\t\t\t\t\t\t\t\t<\/div>\n\t\t\t\t<\/div>\n\t\t\t\t\t<\/div>\n\t\t<\/div>\n\t\t\t\t<div class=\"has_eae_slider elementor-column elementor-col-50 elementor-inner-column elementor-element elementor-element-62142496 elementor-invisible\" data-id=\"62142496\" data-element_type=\"column\" data-settings=\"{&quot;animation&quot;:&quot;fadeInRight&quot;,&quot;background_background&quot;:&quot;classic&quot;}\">\n\t\t\t<div class=\"elementor-widget-wrap elementor-element-populated\">\n\t\t\t\t\t\t\t\t<div class=\"elementor-element elementor-element-26b3286 elementor-vertical-align-top elementor-widget elementor-widget-image-box\" data-id=\"26b3286\" data-element_type=\"widget\" data-widget_type=\"image-box.default\">\n\t\t\t\t<div class=\"elementor-widget-container\">\n\t\t\t<div class=\"elementor-image-box-wrapper\"><div class=\"elementor-image-box-content\"><h3 class=\"elementor-image-box-title\"><b>Melissa Nelson<\/b> <br>Lawyer<\/h3><p class=\"elementor-image-box-description\">Melissa joined Evolve Law as our first articling student. Born and raised in Welwyn, United Kingdom she made her way to Saskatoon via Kelowna. Armed with an undergrad in Political Studies Melissa convocated from the University of Saskatchewan, College of Law, in June 2020. <br><br>While attending U of S College of Law, Melissa enjoyed her time as a CLASSIC Volunteer. She was also recipient of the Mary Y. Carter Scholarship in Family Law.\nWhen not in the office Melissa likes to spend her time back in Kelowna, with her significant other and adorable rescue dog.<\/p><\/div><\/div>\t\t<\/div>\n\t\t\t\t<\/div>\n\t\t\t\t\t<\/div>\n\t\t<\/div>\n\t\t\t\t\t\t\t<\/div>\n\t\t<\/section>\n\t\t\t\t\t<\/div>\n\t\t<\/div>\n\t\t\t\t\t\t\t<\/div>\n\t\t<\/section>\n\t\t\t\t<section class=\"has_eae_slider elementor-section elementor-top-section elementor-element elementor-element-1bb5da76 elementor-section-boxed elementor-section-height-default elementor-section-height-default\" data-id=\"1bb5da76\" data-element_type=\"section\" data-settings=\"{&quot;background_background&quot;:&quot;classic&quot;}\">\n\t\t\t\t\t\t<div class=\"elementor-container elementor-column-gap-no\">\n\t\t\t\t\t<div class=\"has_eae_slider elementor-column elementor-col-100 elementor-top-column elementor-element elementor-element-43a9f0ca\" data-id=\"43a9f0ca\" data-element_type=\"column\">\n\t\t\t<div class=\"elementor-widget-wrap elementor-element-populated\">\n\t\t\t\t\t\t\t\t<section class=\"has_eae_slider elementor-section elementor-inner-section elementor-element elementor-element-5bd8b119 elementor-section-content-middle elementor-section-boxed elementor-section-height-default elementor-section-height-default\" data-id=\"5bd8b119\" data-element_type=\"section\" data-settings=\"{&quot;background_background&quot;:&quot;classic&quot;}\">\n\t\t\t\t\t\t<div class=\"elementor-container elementor-column-gap-no\">\n\t\t\t\t\t<div class=\"has_eae_slider elementor-column elementor-col-50 elementor-inner-column elementor-element elementor-element-7153cb57\" data-id=\"7153cb57\" data-element_type=\"column\">\n\t\t\t<div class=\"elementor-widget-wrap elementor-element-populated\">\n\t\t\t\t\t\t\t\t<div class=\"elementor-element elementor-element-f42972 elementor-invisible elementor-widget elementor-widget-image\" data-id=\"f42972\" data-element_type=\"widget\" data-settings=\"{&quot;_animation&quot;:&quot;fadeIn&quot;}\" data-widget_type=\"image.default\">\n\t\t\t\t<div class=\"elementor-widget-container\">\n\t\t\t\t\t\t\t\t\t\t\t\t\t\t\t<img decoding=\"async\" width=\"603\" height=\"802\" src=\"https:\/\/evolvelaw.ca\/wp-content\/uploads\/2022\/06\/Matthew-frame.png\" class=\"attachment-full size-full wp-image-9524\" alt=\"\" srcset=\"https:\/\/evolvelaw.ca\/wp-content\/uploads\/2022\/06\/Matthew-frame.png 603w, https:\/\/evolvelaw.ca\/wp-content\/uploads\/2022\/06\/Matthew-frame-226x300.png 226w, https:\/\/evolvelaw.ca\/wp-content\/uploads\/2022\/06\/Matthew-frame-100x133.png 100w, https:\/\/evolvelaw.ca\/wp-content\/uploads\/2022\/06\/Matthew-frame-150x200.png 150w, https:\/\/evolvelaw.ca\/wp-content\/uploads\/2022\/06\/Matthew-frame-200x266.png 200w, https:\/\/evolvelaw.ca\/wp-content\/uploads\/2022\/06\/Matthew-frame-300x399.png 300w, https:\/\/evolvelaw.ca\/wp-content\/uploads\/2022\/06\/Matthew-frame-450x599.png 450w, https:\/\/evolvelaw.ca\/wp-content\/uploads\/2022\/06\/Matthew-frame-600x798.png 600w\" sizes=\"(max-width: 603px) 100vw, 603px\" \/>\t\t\t\t\t\t\t\t\t\t\t\t\t\t\t<\/div>\n\t\t\t\t<\/div>\n\t\t\t\t\t<\/div>\n\t\t<\/div>\n\t\t\t\t<div class=\"has_eae_slider elementor-column elementor-col-50 elementor-inner-column elementor-element elementor-element-540d69ab elementor-invisible\" data-id=\"540d69ab\" data-element_type=\"column\" data-settings=\"{&quot;animation&quot;:&quot;fadeInRight&quot;,&quot;background_background&quot;:&quot;classic&quot;}\">\n\t\t\t<div class=\"elementor-widget-wrap elementor-element-populated\">\n\t\t\t\t\t\t\t\t<div class=\"elementor-element elementor-element-7aaae72b elementor-vertical-align-top elementor-widget elementor-widget-image-box\" data-id=\"7aaae72b\" data-element_type=\"widget\" data-widget_type=\"image-box.default\">\n\t\t\t\t<div class=\"elementor-widget-container\">\n\t\t\t<div class=\"elementor-image-box-wrapper\"><div class=\"elementor-image-box-content\"><h3 class=\"elementor-image-box-title\"><b>Matthew Pellerin<\/b> <br>Lawyer<\/h3><p class=\"elementor-image-box-description\">Born and raised in Saskatoon, Matthew joined the Evolve team in June after graduating from the U of S College of Law with the class of 2021. Having an understanding of the struggles that families can be faced with, Matthew has always had an interest and passion for family law. His goal is to provide professional service that will help families through those struggles towards a brighter future.<br><br>\n\nBefore going to law school, Matthew spent his undergrad in political studies. Prior to graduating from the College of Law, he enjoyed volunteering for CLASSIC. When not working as a lawyer, Matthew spends his days walking with his dog, immersed in the outdoors, exercising, or reading a good book.<\/p><\/div><\/div>\t\t<\/div>\n\t\t\t\t<\/div>\n\t\t\t\t\t<\/div>\n\t\t<\/div>\n\t\t\t\t\t\t\t<\/div>\n\t\t<\/section>\n\t\t\t\t\t<\/div>\n\t\t<\/div>\n\t\t\t\t\t\t\t<\/div>\n\t\t<\/section>\n\t\t\t\t<section class=\"has_eae_slider elementor-section elementor-top-section elementor-element elementor-element-e072328 elementor-section-boxed elementor-section-height-default elementor-section-height-default\" data-id=\"e072328\" data-element_type=\"section\" data-settings=\"{&quot;background_background&quot;:&quot;classic&quot;}\">\n\t\t\t\t\t\t<div class=\"elementor-container elementor-column-gap-no\">\n\t\t\t\t\t<div class=\"has_eae_slider elementor-column elementor-col-100 elementor-top-column elementor-element elementor-element-6850023\" data-id=\"6850023\" data-element_type=\"column\">\n\t\t\t<div class=\"elementor-widget-wrap elementor-element-populated\">\n\t\t\t\t\t\t\t\t<section class=\"has_eae_slider elementor-section elementor-inner-section elementor-element elementor-element-94997a3 elementor-section-content-middle elementor-section-boxed elementor-section-height-default elementor-section-height-default\" data-id=\"94997a3\" data-element_type=\"section\" data-settings=\"{&quot;background_background&quot;:&quot;classic&quot;}\">\n\t\t\t\t\t\t<div class=\"elementor-container elementor-column-gap-no\">\n\t\t\t\t\t<div class=\"has_eae_slider elementor-column elementor-col-50 elementor-inner-column elementor-element elementor-element-87a31ef\" data-id=\"87a31ef\" data-element_type=\"column\">\n\t\t\t<div class=\"elementor-widget-wrap elementor-element-populated\">\n\t\t\t\t\t\t\t\t<div class=\"elementor-element elementor-element-33e1844 elementor-invisible elementor-widget elementor-widget-image\" data-id=\"33e1844\" data-element_type=\"widget\" data-settings=\"{&quot;_animation&quot;:&quot;fadeIn&quot;}\" data-widget_type=\"image.default\">\n\t\t\t\t<div class=\"elementor-widget-container\">\n\t\t\t\t\t\t\t\t\t\t\t\t\t\t\t<img decoding=\"async\" width=\"601\" height=\"811\" src=\"https:\/\/evolvelaw.ca\/wp-content\/uploads\/2022\/07\/Asset-16-1.png\" class=\"attachment-full size-full wp-image-9661\" alt=\"\" srcset=\"https:\/\/evolvelaw.ca\/wp-content\/uploads\/2022\/07\/Asset-16-1.png 601w, https:\/\/evolvelaw.ca\/wp-content\/uploads\/2022\/07\/Asset-16-1-222x300.png 222w, https:\/\/evolvelaw.ca\/wp-content\/uploads\/2022\/07\/Asset-16-1-100x135.png 100w, https:\/\/evolvelaw.ca\/wp-content\/uploads\/2022\/07\/Asset-16-1-150x202.png 150w, https:\/\/evolvelaw.ca\/wp-content\/uploads\/2022\/07\/Asset-16-1-200x270.png 200w, https:\/\/evolvelaw.ca\/wp-content\/uploads\/2022\/07\/Asset-16-1-300x405.png 300w, https:\/\/evolvelaw.ca\/wp-content\/uploads\/2022\/07\/Asset-16-1-450x607.png 450w\" sizes=\"(max-width: 601px) 100vw, 601px\" \/>\t\t\t\t\t\t\t\t\t\t\t\t\t\t\t<\/div>\n\t\t\t\t<\/div>\n\t\t\t\t\t<\/div>\n\t\t<\/div>\n\t\t\t\t<div class=\"has_eae_slider elementor-column elementor-col-50 elementor-inner-column elementor-element elementor-element-2456272 elementor-invisible\" data-id=\"2456272\" data-element_type=\"column\" data-settings=\"{&quot;animation&quot;:&quot;fadeInRight&quot;,&quot;background_background&quot;:&quot;classic&quot;}\">\n\t\t\t<div class=\"elementor-widget-wrap elementor-element-populated\">\n\t\t\t\t\t\t\t\t<div class=\"elementor-element elementor-element-13ef8e0 elementor-vertical-align-top elementor-widget elementor-widget-image-box\" data-id=\"13ef8e0\" data-element_type=\"widget\" data-widget_type=\"image-box.default\">\n\t\t\t\t<div class=\"elementor-widget-container\">\n\t\t\t<div class=\"elementor-image-box-wrapper\"><div class=\"elementor-image-box-content\"><h3 class=\"elementor-image-box-title\"><b>Vincent Yeung<\/b> <br>Lawyer<\/h3><p class=\"elementor-image-box-description\">Vincent was born and raised in Ottawa, Ontario where he studied law at the University of Ottawa. After graduating with the class of 2021, he later joined the Evolve team in March 2022. Prior to the legal field, Vincent was working for municipalities in the city planning department where he advocated for a greener and more sustainable infrastructure focused on the future.\n\nWhen not working, he participates in and organizes cycling races, and is captain of his own team. His last biking adventure took him off-road on a 4 day-long, 400 km bikepacking trip.<\/p><\/div><\/div>\t\t<\/div>\n\t\t\t\t<\/div>\n\t\t\t\t\t<\/div>\n\t\t<\/div>\n\t\t\t\t\t\t\t<\/div>\n\t\t<\/section>\n\t\t\t\t\t<\/div>\n\t\t<\/div>\n\t\t\t\t\t\t\t<\/div>\n\t\t<\/section>\n\t\t\t\t<section class=\"has_eae_slider elementor-section elementor-top-section elementor-element elementor-element-76ac552f elementor-section-content-middle elementor-section-boxed elementor-section-height-default elementor-section-height-default\" data-id=\"76ac552f\" data-element_type=\"section\" data-settings=\"{&quot;background_background&quot;:&quot;classic&quot;}\">\n\t\t\t\t\t\t\t<div class=\"elementor-background-overlay\"><\/div>\n\t\t\t\t\t\t\t<div class=\"elementor-container elementor-column-gap-no\">\n\t\t\t\t\t<div class=\"has_eae_slider elementor-column elementor-col-100 elementor-top-column elementor-element elementor-element-69d4da8d\" data-id=\"69d4da8d\" data-element_type=\"column\">\n\t\t\t<div class=\"elementor-widget-wrap elementor-element-populated\">\n\t\t\t\t\t\t\t\t<div class=\"elementor-element elementor-element-e377175 elementor-widget elementor-widget-heading\" data-id=\"e377175\" data-element_type=\"widget\" data-widget_type=\"heading.default\">\n\t\t\t\t<div class=\"elementor-widget-container\">\n\t\t\t<h4 class=\"elementor-heading-title elementor-size-default\">Legal Assistants<\/h4>\t\t<\/div>\n\t\t\t\t<\/div>\n\t\t\t\t<section class=\"has_eae_slider elementor-section elementor-inner-section elementor-element elementor-element-eb3e855 elementor-section-boxed elementor-section-height-default elementor-section-height-default\" data-id=\"eb3e855\" data-element_type=\"section\">\n\t\t\t\t\t\t<div class=\"elementor-container elementor-column-gap-default\">\n\t\t\t\t\t<div class=\"has_eae_slider elementor-column elementor-col-50 elementor-inner-column elementor-element elementor-element-e2d42c8\" data-id=\"e2d42c8\" data-element_type=\"column\">\n\t\t\t<div class=\"elementor-widget-wrap elementor-element-populated\">\n\t\t\t\t\t\t\t\t<div class=\"elementor-element elementor-element-7ff384e elementor-position-top elementor-widget elementor-widget-image-box\" data-id=\"7ff384e\" data-element_type=\"widget\" data-widget_type=\"image-box.default\">\n\t\t\t\t<div class=\"elementor-widget-container\">\n\t\t\t<div class=\"elementor-image-box-wrapper\"><figure class=\"elementor-image-box-img\"><img decoding=\"async\" width=\"601\" height=\"811\" src=\"https:\/\/evolvelaw.ca\/wp-content\/uploads\/2022\/07\/Asset-15.png\" class=\"attachment-full size-full wp-image-9660\" alt=\"\" srcset=\"https:\/\/evolvelaw.ca\/wp-content\/uploads\/2022\/07\/Asset-15.png 601w, https:\/\/evolvelaw.ca\/wp-content\/uploads\/2022\/07\/Asset-15-222x300.png 222w, https:\/\/evolvelaw.ca\/wp-content\/uploads\/2022\/07\/Asset-15-100x135.png 100w, https:\/\/evolvelaw.ca\/wp-content\/uploads\/2022\/07\/Asset-15-150x202.png 150w, https:\/\/evolvelaw.ca\/wp-content\/uploads\/2022\/07\/Asset-15-200x270.png 200w, https:\/\/evolvelaw.ca\/wp-content\/uploads\/2022\/07\/Asset-15-300x405.png 300w, https:\/\/evolvelaw.ca\/wp-content\/uploads\/2022\/07\/Asset-15-450x607.png 450w\" sizes=\"(max-width: 601px) 100vw, 601px\" \/><\/figure><div class=\"elementor-image-box-content\"><h3 class=\"elementor-image-box-title\">Olena Trokhymchuk<\/h3><p class=\"elementor-image-box-description\">Legal assistant<\/p><\/div><\/div>\t\t<\/div>\n\t\t\t\t<\/div>\n\t\t\t\t<div class=\"elementor-element elementor-element-1713a5b elementor-widget-mobile__width-auto elementor-widget elementor-widget-eael-adv-accordion\" data-id=\"1713a5b\" data-element_type=\"widget\" data-widget_type=\"eael-adv-accordion.default\">\n\t\t\t\t<div class=\"elementor-widget-container\">\n\t\t\t        <div class=\"eael-adv-accordion\" id=\"eael-adv-accordion-1713a5b\" data-accordion-id=\"1713a5b\" data-accordion-type=\"accordion\" data-toogle-speed=\"300\">\n    <div class=\"eael-accordion-list\">\n                <div id=\"about-olena\" class=\"elementor-tab-title eael-accordion-header\" tabindex=\"0\" data-tab=\"1\" aria-controls=\"elementor-tab-content-2411\"><i aria-hidden=\"true\" class=\"fa-toggle fas fa-angle-right\"><\/i><span class=\"eael-accordion-tab-title\">About Olena<\/span><\/div><div id=\"elementor-tab-content-2411\" class=\"eael-accordion-content clearfix\" data-tab=\"1\" aria-labelledby=\"about-olena\"><p><p>Born and raised in Ukraine, Olena and her family moved to Saskatoon in 2008, with her officially becoming a Canadian Citizen in 2019. Olena joined the legal field in spring of 2017 as a high-spirited, hard-working, and detailed Legal Assistant.<\/p><p>\u00a0<\/p><p>When she isn\u2019t working, Olena spends time camping, fishing and baking yummy Ukrainian treats with her husband and wonderful children.<\/p><p>Bonus Fact: She speaks Ukrainian and Russian.<\/p><\/p><\/div>\n                <\/div><\/div>\t\t<\/div>\n\t\t\t\t<\/div>\n\t\t\t\t<div class=\"elementor-element elementor-element-978f792 e-grid-align-right e-grid-align-mobile-center elementor-widget-mobile__width-auto elementor-shape-rounded elementor-grid-0 elementor-widget elementor-widget-social-icons\" data-id=\"978f792\" data-element_type=\"widget\" data-widget_type=\"social-icons.default\">\n\t\t\t\t<div class=\"elementor-widget-container\">\n\t\t\t\t\t<div class=\"elementor-social-icons-wrapper elementor-grid\">\n\t\t\t\t\t\t\t<span class=\"elementor-grid-item\">\n\t\t\t\t\t<a class=\"elementor-icon elementor-social-icon elementor-social-icon-linkedin elementor-animation-grow elementor-repeater-item-f507652\" href=\"https:\/\/www.linkedin.com\/in\/olena-trokhymchuk-4baa5b1b5\/\" target=\"_blank\" rel=\"noopener\">\n\t\t\t\t\t\t<span class=\"elementor-screen-only\">Linkedin<\/span>\n\t\t\t\t\t\t<i class=\"fab fa-linkedin\"><\/i>\t\t\t\t\t<\/a>\n\t\t\t\t<\/span>\n\t\t\t\t\t<\/div>\n\t\t\t\t<\/div>\n\t\t\t\t<\/div>\n\t\t\t\t\t<\/div>\n\t\t<\/div>\n\t\t\t\t<div class=\"has_eae_slider elementor-column elementor-col-50 elementor-inner-column elementor-element elementor-element-c8047e5\" data-id=\"c8047e5\" data-element_type=\"column\">\n\t\t\t<div class=\"elementor-widget-wrap elementor-element-populated\">\n\t\t\t\t\t\t\t\t<div class=\"elementor-element elementor-element-c5890e5 elementor-position-top elementor-widget elementor-widget-image-box\" data-id=\"c5890e5\" data-element_type=\"widget\" data-widget_type=\"image-box.default\">\n\t\t\t\t<div class=\"elementor-widget-container\">\n\t\t\t<div class=\"elementor-image-box-wrapper\"><figure class=\"elementor-image-box-img\"><img decoding=\"async\" width=\"486\" height=\"494\" src=\"https:\/\/evolvelaw.ca\/wp-content\/uploads\/2022\/07\/logo-no-slogan.png\" class=\"attachment-full size-full wp-image-9857\" alt=\"\" srcset=\"https:\/\/evolvelaw.ca\/wp-content\/uploads\/2022\/07\/logo-no-slogan.png 486w, https:\/\/evolvelaw.ca\/wp-content\/uploads\/2022\/07\/logo-no-slogan-295x300.png 295w, https:\/\/evolvelaw.ca\/wp-content\/uploads\/2022\/07\/logo-no-slogan-100x102.png 100w, https:\/\/evolvelaw.ca\/wp-content\/uploads\/2022\/07\/logo-no-slogan-150x152.png 150w, https:\/\/evolvelaw.ca\/wp-content\/uploads\/2022\/07\/logo-no-slogan-200x203.png 200w, https:\/\/evolvelaw.ca\/wp-content\/uploads\/2022\/07\/logo-no-slogan-300x305.png 300w, https:\/\/evolvelaw.ca\/wp-content\/uploads\/2022\/07\/logo-no-slogan-450x457.png 450w\" sizes=\"(max-width: 486px) 100vw, 486px\" \/><\/figure><div class=\"elementor-image-box-content\"><h3 class=\"elementor-image-box-title\">Nicolette Merasty<\/h3><p class=\"elementor-image-box-description\">Articling Student<\/p><\/div><\/div>\t\t<\/div>\n\t\t\t\t<\/div>\n\t\t\t\t<div class=\"elementor-element elementor-element-3321641 elementor-widget-mobile__width-auto elementor-widget elementor-widget-eael-adv-accordion\" data-id=\"3321641\" data-element_type=\"widget\" data-widget_type=\"eael-adv-accordion.default\">\n\t\t\t\t<div class=\"elementor-widget-container\">\n\t\t\t        <div class=\"eael-adv-accordion\" id=\"eael-adv-accordion-3321641\" data-accordion-id=\"3321641\" data-accordion-type=\"accordion\" data-toogle-speed=\"300\">\n    <div class=\"eael-accordion-list\">\n                <div id=\"about-nicolette\" class=\"elementor-tab-title eael-accordion-header\" tabindex=\"0\" data-tab=\"1\" aria-controls=\"elementor-tab-content-5361\"><i aria-hidden=\"true\" class=\"fa-toggle fas fa-angle-right\"><\/i><span class=\"eael-accordion-tab-title\">About Nicolette<\/span><\/div><div id=\"elementor-tab-content-5361\" class=\"eael-accordion-content clearfix\" data-tab=\"1\" aria-labelledby=\"about-nicolette\"><p><p>Nicolette was born and raised in Northern Saskatchewan and is a member of the Peter Ballantyne Cree Nation. She enjoys helping others, and after receiving her International Studies degree, she graduated from the University of Saskatchewan, College of Law, in 2021. Nicolette understands how complicated the justice system can be and hopes to help families in the future navigate it.<\/p><p>\u00a0<\/p><p>When Nicolette isn\u2019t working, she loves to spend time with her family, reading, going for walks, and attending traditional ceremonies.<\/p><\/p><\/div>\n                <\/div><\/div>\t\t<\/div>\n\t\t\t\t<\/div>\n\t\t\t\t\t<\/div>\n\t\t<\/div>\n\t\t\t\t\t\t\t<\/div>\n\t\t<\/section>\n\t\t\t\t\t<\/div>\n\t\t<\/div>\n\t\t\t\t\t\t\t<\/div>\n\t\t<\/section>\n\t\t\t\t<section class=\"has_eae_slider elementor-section elementor-top-section elementor-element elementor-element-a8d6a42 elementor-section-boxed elementor-section-height-default elementor-section-height-default\" data-id=\"a8d6a42\" data-element_type=\"section\" data-settings=\"{&quot;background_background&quot;:&quot;classic&quot;}\">\n\t\t\t\t\t\t\t<div class=\"elementor-background-overlay\"><\/div>\n\t\t\t\t\t\t\t<div class=\"elementor-container elementor-column-gap-default\">\n\t\t\t\t\t<div class=\"has_eae_slider elementor-column elementor-col-100 elementor-top-column elementor-element elementor-element-e354858\" data-id=\"e354858\" data-element_type=\"column\">\n\t\t\t<div class=\"elementor-widget-wrap elementor-element-populated\">\n\t\t\t\t\t\t\t\t<div class=\"elementor-element elementor-element-2bd2579 elementor-widget elementor-widget-heading\" data-id=\"2bd2579\" data-element_type=\"widget\" data-widget_type=\"heading.default\">\n\t\t\t\t<div class=\"elementor-widget-container\">\n\t\t\t<h4 class=\"elementor-heading-title elementor-size-default\">Administration &  Marketing<\/h4>\t\t<\/div>\n\t\t\t\t<\/div>\n\t\t\t\t<section class=\"has_eae_slider elementor-section elementor-inner-section elementor-element elementor-element-ecbce39 elementor-section-boxed elementor-section-height-default elementor-section-height-default\" data-id=\"ecbce39\" data-element_type=\"section\">\n\t\t\t\t\t\t<div class=\"elementor-container elementor-column-gap-default\">\n\t\t\t\t\t<div class=\"has_eae_slider elementor-column elementor-col-50 elementor-inner-column elementor-element elementor-element-40aa890\" data-id=\"40aa890\" data-element_type=\"column\">\n\t\t\t<div class=\"elementor-widget-wrap elementor-element-populated\">\n\t\t\t\t\t\t\t\t<div class=\"elementor-element elementor-element-3e09a91 elementor-position-top elementor-widget elementor-widget-image-box\" data-id=\"3e09a91\" data-element_type=\"widget\" data-widget_type=\"image-box.default\">\n\t\t\t\t<div class=\"elementor-widget-container\">\n\t\t\t<div class=\"elementor-image-box-wrapper\"><figure class=\"elementor-image-box-img\"><img decoding=\"async\" width=\"600\" height=\"812\" src=\"https:\/\/evolvelaw.ca\/wp-content\/uploads\/2023\/03\/BryanBlueBorderSmall.png\" class=\"attachment-full size-full wp-image-10237\" alt=\"\" srcset=\"https:\/\/evolvelaw.ca\/wp-content\/uploads\/2023\/03\/BryanBlueBorderSmall.png 600w, https:\/\/evolvelaw.ca\/wp-content\/uploads\/2023\/03\/BryanBlueBorderSmall-222x300.png 222w, https:\/\/evolvelaw.ca\/wp-content\/uploads\/2023\/03\/BryanBlueBorderSmall-100x135.png 100w, https:\/\/evolvelaw.ca\/wp-content\/uploads\/2023\/03\/BryanBlueBorderSmall-150x203.png 150w, https:\/\/evolvelaw.ca\/wp-content\/uploads\/2023\/03\/BryanBlueBorderSmall-200x271.png 200w, https:\/\/evolvelaw.ca\/wp-content\/uploads\/2023\/03\/BryanBlueBorderSmall-300x406.png 300w, https:\/\/evolvelaw.ca\/wp-content\/uploads\/2023\/03\/BryanBlueBorderSmall-450x609.png 450w\" sizes=\"(max-width: 600px) 100vw, 600px\" \/><\/figure><div class=\"elementor-image-box-content\"><h3 class=\"elementor-image-box-title\">Bryan Atkins<\/h3><p class=\"elementor-image-box-description\">Co-Founder<\/p><\/div><\/div>\t\t<\/div>\n\t\t\t\t<\/div>\n\t\t\t\t<div class=\"elementor-element elementor-element-8a94e9e elementor-widget-mobile__width-auto elementor-widget elementor-widget-eael-adv-accordion\" data-id=\"8a94e9e\" data-element_type=\"widget\" data-widget_type=\"eael-adv-accordion.default\">\n\t\t\t\t<div class=\"elementor-widget-container\">\n\t\t\t        <div class=\"eael-adv-accordion\" id=\"eael-adv-accordion-8a94e9e\" data-accordion-id=\"8a94e9e\" data-accordion-type=\"accordion\" data-toogle-speed=\"300\">\n    <div class=\"eael-accordion-list\">\n                <div id=\"about-bryan\" class=\"elementor-tab-title eael-accordion-header\" tabindex=\"0\" data-tab=\"1\" aria-controls=\"elementor-tab-content-1451\"><i aria-hidden=\"true\" class=\"fa-toggle fas fa-angle-right\"><\/i><span class=\"eael-accordion-tab-title\">About Bryan<\/span><\/div><div id=\"elementor-tab-content-1451\" class=\"eael-accordion-content clearfix\" data-tab=\"1\" aria-labelledby=\"about-bryan\"><p><p>Bryan is no longer active with the firm, but periodically advises on issues related to process and technology. During the foundational years he contributed as a strategist and initiator, designing, and implementing elements crucial to the firms unique operating procedures and technology stack. Notably leading an accounting system pilot project.<\/p><p>\u00a0<\/p><p>Bryan remains involved in the legal industry as a technology consultant while building a tool called SEEqWHENs, which he hopes will one day transforms knowledge sharing by focusing on standardization, decision architecture, and broad idea integration.<\/p><\/p><\/div>\n                <\/div><\/div>\t\t<\/div>\n\t\t\t\t<\/div>\n\t\t\t\t<div class=\"elementor-element elementor-element-0e4c077 e-grid-align-right e-grid-align-mobile-center elementor-widget-mobile__width-auto elementor-shape-rounded elementor-grid-0 elementor-widget elementor-widget-social-icons\" data-id=\"0e4c077\" data-element_type=\"widget\" data-widget_type=\"social-icons.default\">\n\t\t\t\t<div class=\"elementor-widget-container\">\n\t\t\t\t\t<div class=\"elementor-social-icons-wrapper elementor-grid\">\n\t\t\t\t\t\t\t<span class=\"elementor-grid-item\">\n\t\t\t\t\t<a class=\"elementor-icon elementor-social-icon elementor-social-icon-linkedin elementor-animation-grow elementor-repeater-item-b6614d4\" href=\"https:\/\/www.linkedin.com\/in\/masonbr\/\" target=\"_blank\" rel=\"noopener\">\n\t\t\t\t\t\t<span class=\"elementor-screen-only\">Linkedin<\/span>\n\t\t\t\t\t\t<i class=\"fab fa-linkedin\"><\/i>\t\t\t\t\t<\/a>\n\t\t\t\t<\/span>\n\t\t\t\t\t<\/div>\n\t\t\t\t<\/div>\n\t\t\t\t<\/div>\n\t\t\t\t\t<\/div>\n\t\t<\/div>\n\t\t\t\t<div class=\"has_eae_slider elementor-column elementor-col-50 elementor-inner-column elementor-element elementor-element-259ce33\" data-id=\"259ce33\" data-element_type=\"column\">\n\t\t\t<div class=\"elementor-widget-wrap elementor-element-populated\">\n\t\t\t\t\t\t\t\t<div class=\"elementor-element elementor-element-6ad4ae3 elementor-position-top elementor-widget elementor-widget-image-box\" data-id=\"6ad4ae3\" data-element_type=\"widget\" data-widget_type=\"image-box.default\">\n\t\t\t\t<div class=\"elementor-widget-container\">\n\t\t\t<div class=\"elementor-image-box-wrapper\"><figure class=\"elementor-image-box-img\"><img decoding=\"async\" width=\"601\" height=\"811\" src=\"https:\/\/evolvelaw.ca\/wp-content\/uploads\/2022\/07\/Kemesha-blue.frame_.png\" class=\"attachment-full size-full wp-image-9662\" alt=\"\" srcset=\"https:\/\/evolvelaw.ca\/wp-content\/uploads\/2022\/07\/Kemesha-blue.frame_.png 601w, https:\/\/evolvelaw.ca\/wp-content\/uploads\/2022\/07\/Kemesha-blue.frame_-222x300.png 222w, https:\/\/evolvelaw.ca\/wp-content\/uploads\/2022\/07\/Kemesha-blue.frame_-100x135.png 100w, https:\/\/evolvelaw.ca\/wp-content\/uploads\/2022\/07\/Kemesha-blue.frame_-150x202.png 150w, https:\/\/evolvelaw.ca\/wp-content\/uploads\/2022\/07\/Kemesha-blue.frame_-200x270.png 200w, https:\/\/evolvelaw.ca\/wp-content\/uploads\/2022\/07\/Kemesha-blue.frame_-300x405.png 300w, https:\/\/evolvelaw.ca\/wp-content\/uploads\/2022\/07\/Kemesha-blue.frame_-450x607.png 450w\" sizes=\"(max-width: 601px) 100vw, 601px\" \/><\/figure><div class=\"elementor-image-box-content\"><h3 class=\"elementor-image-box-title\">Kemesha Robinson<\/h3><p class=\"elementor-image-box-description\">Accounting Specialist<\/p><\/div><\/div>\t\t<\/div>\n\t\t\t\t<\/div>\n\t\t\t\t<div class=\"elementor-element elementor-element-b7cf6b7 elementor-widget-mobile__width-auto elementor-widget elementor-widget-eael-adv-accordion\" data-id=\"b7cf6b7\" data-element_type=\"widget\" data-widget_type=\"eael-adv-accordion.default\">\n\t\t\t\t<div class=\"elementor-widget-container\">\n\t\t\t        <div class=\"eael-adv-accordion\" id=\"eael-adv-accordion-b7cf6b7\" data-accordion-id=\"b7cf6b7\" data-accordion-type=\"accordion\" data-toogle-speed=\"300\">\n    <div class=\"eael-accordion-list\">\n                <div id=\"about-kemesha\" class=\"elementor-tab-title eael-accordion-header\" tabindex=\"0\" data-tab=\"1\" aria-controls=\"elementor-tab-content-1921\"><i aria-hidden=\"true\" class=\"fa-toggle fas fa-angle-right\"><\/i><span class=\"eael-accordion-tab-title\">About Kemesha<\/span><\/div><div id=\"elementor-tab-content-1921\" class=\"eael-accordion-content clearfix\" data-tab=\"1\" aria-labelledby=\"about-kemesha\"><p><p>Kemesha is a lover of all things numerical hence how she found her place here at Evolve Law as our Accounting Specialist. She arrived here is Saskatoon by way of Maryland, USA, where she studied Accounting and Business. She also studied at the Edwards School of Business.<\/p><p>Kemesha was born in Jamaica so she is an avid lover of the hot summer days. When not at work, she can be found doing loud karaoke or on Facetime with her family back in Jamaica.<\/p><\/p><\/div>\n                <\/div><\/div>\t\t<\/div>\n\t\t\t\t<\/div>\n\t\t\t\t\t<\/div>\n\t\t<\/div>\n\t\t\t\t\t\t\t<\/div>\n\t\t<\/section>\n\t\t\t\t<section class=\"has_eae_slider elementor-section elementor-inner-section elementor-element elementor-element-57fa860 elementor-section-boxed elementor-section-height-default elementor-section-height-default\" data-id=\"57fa860\" data-element_type=\"section\">\n\t\t\t\t\t\t<div class=\"elementor-container elementor-column-gap-default\">\n\t\t\t\t\t<div class=\"has_eae_slider elementor-column elementor-col-50 elementor-inner-column elementor-element elementor-element-22818ca\" data-id=\"22818ca\" data-element_type=\"column\">\n\t\t\t<div class=\"elementor-widget-wrap elementor-element-populated\">\n\t\t\t\t\t\t\t\t<div class=\"elementor-element elementor-element-83cabca elementor-position-top elementor-widget elementor-widget-image-box\" data-id=\"83cabca\" data-element_type=\"widget\" data-widget_type=\"image-box.default\">\n\t\t\t\t<div class=\"elementor-widget-container\">\n\t\t\t<div class=\"elementor-image-box-wrapper\"><figure class=\"elementor-image-box-img\"><img decoding=\"async\" width=\"601\" height=\"811\" src=\"https:\/\/evolvelaw.ca\/wp-content\/uploads\/2022\/07\/Jayda-blue-frame-1.png\" class=\"attachment-full size-full wp-image-9815\" alt=\"\" srcset=\"https:\/\/evolvelaw.ca\/wp-content\/uploads\/2022\/07\/Jayda-blue-frame-1.png 601w, https:\/\/evolvelaw.ca\/wp-content\/uploads\/2022\/07\/Jayda-blue-frame-1-222x300.png 222w, https:\/\/evolvelaw.ca\/wp-content\/uploads\/2022\/07\/Jayda-blue-frame-1-100x135.png 100w, https:\/\/evolvelaw.ca\/wp-content\/uploads\/2022\/07\/Jayda-blue-frame-1-150x202.png 150w, https:\/\/evolvelaw.ca\/wp-content\/uploads\/2022\/07\/Jayda-blue-frame-1-200x270.png 200w, https:\/\/evolvelaw.ca\/wp-content\/uploads\/2022\/07\/Jayda-blue-frame-1-300x405.png 300w, https:\/\/evolvelaw.ca\/wp-content\/uploads\/2022\/07\/Jayda-blue-frame-1-450x607.png 450w\" sizes=\"(max-width: 601px) 100vw, 601px\" \/><\/figure><div class=\"elementor-image-box-content\"><h3 class=\"elementor-image-box-title\">Jayda Brimble<\/h3><p class=\"elementor-image-box-description\">Onboarding Specialist<\/p><\/div><\/div>\t\t<\/div>\n\t\t\t\t<\/div>\n\t\t\t\t<div class=\"elementor-element elementor-element-7bc4ebb elementor-widget-mobile__width-auto elementor-widget elementor-widget-eael-adv-accordion\" data-id=\"7bc4ebb\" data-element_type=\"widget\" data-widget_type=\"eael-adv-accordion.default\">\n\t\t\t\t<div class=\"elementor-widget-container\">\n\t\t\t        <div class=\"eael-adv-accordion\" id=\"eael-adv-accordion-7bc4ebb\" data-accordion-id=\"7bc4ebb\" data-accordion-type=\"accordion\" data-toogle-speed=\"300\">\n    <div class=\"eael-accordion-list\">\n                <div id=\"about-jayda\" class=\"elementor-tab-title eael-accordion-header\" tabindex=\"0\" data-tab=\"1\" aria-controls=\"elementor-tab-content-1291\"><i aria-hidden=\"true\" class=\"fa-toggle fas fa-angle-right\"><\/i><span class=\"eael-accordion-tab-title\">About Jayda<\/span><\/div><div id=\"elementor-tab-content-1291\" class=\"eael-accordion-content clearfix\" data-tab=\"1\" aria-labelledby=\"about-jayda\"><p><p>Jayda graduated with a Bachelor of Arts in Political Studies from the University of Saskatchewan in 2021. She&#8217;s passionate about making legal services more accessible. She loves to help people and is often your first point of contact at the firm.<\/p><p>\u00a0<\/p><p>Jayda has a love for music and an extensive background in the performing arts. When she&#8217;s not in the office, she&#8217;s spending time with her pups, friends and family.<\/p><\/p><\/div>\n                <\/div><\/div>\t\t<\/div>\n\t\t\t\t<\/div>\n\t\t\t\t\t<\/div>\n\t\t<\/div>\n\t\t\t\t<div class=\"has_eae_slider elementor-column elementor-col-50 elementor-inner-column elementor-element elementor-element-50a7dd6\" data-id=\"50a7dd6\" data-element_type=\"column\">\n\t\t\t<div class=\"elementor-widget-wrap elementor-element-populated\">\n\t\t\t\t\t\t\t\t<div class=\"elementor-element elementor-element-ac3b2f3 elementor-position-top elementor-widget elementor-widget-image-box\" data-id=\"ac3b2f3\" data-element_type=\"widget\" data-widget_type=\"image-box.default\">\n\t\t\t\t<div class=\"elementor-widget-container\">\n\t\t\t<div class=\"elementor-image-box-wrapper\"><figure class=\"elementor-image-box-img\"><img decoding=\"async\" width=\"601\" height=\"811\" src=\"https:\/\/evolvelaw.ca\/wp-content\/uploads\/2022\/07\/Amy-blue-frame.png\" class=\"attachment-full size-full wp-image-9721\" alt=\"team-member\" srcset=\"https:\/\/evolvelaw.ca\/wp-content\/uploads\/2022\/07\/Amy-blue-frame.png 601w, https:\/\/evolvelaw.ca\/wp-content\/uploads\/2022\/07\/Amy-blue-frame-222x300.png 222w, https:\/\/evolvelaw.ca\/wp-content\/uploads\/2022\/07\/Amy-blue-frame-100x135.png 100w, https:\/\/evolvelaw.ca\/wp-content\/uploads\/2022\/07\/Amy-blue-frame-150x202.png 150w, https:\/\/evolvelaw.ca\/wp-content\/uploads\/2022\/07\/Amy-blue-frame-200x270.png 200w, https:\/\/evolvelaw.ca\/wp-content\/uploads\/2022\/07\/Amy-blue-frame-300x405.png 300w, https:\/\/evolvelaw.ca\/wp-content\/uploads\/2022\/07\/Amy-blue-frame-450x607.png 450w\" sizes=\"(max-width: 601px) 100vw, 601px\" \/><\/figure><div class=\"elementor-image-box-content\"><h3 class=\"elementor-image-box-title\">Amy Lalonde<\/h3><p class=\"elementor-image-box-description\">Administrative Assistant<\/p><\/div><\/div>\t\t<\/div>\n\t\t\t\t<\/div>\n\t\t\t\t<div class=\"elementor-element elementor-element-926770a elementor-widget-mobile__width-auto elementor-widget elementor-widget-eael-adv-accordion\" data-id=\"926770a\" data-element_type=\"widget\" data-widget_type=\"eael-adv-accordion.default\">\n\t\t\t\t<div class=\"elementor-widget-container\">\n\t\t\t        <div class=\"eael-adv-accordion\" id=\"eael-adv-accordion-926770a\" data-accordion-id=\"926770a\" data-accordion-type=\"accordion\" data-toogle-speed=\"300\">\n    <div class=\"eael-accordion-list\">\n                <div id=\"about-amy\" class=\"elementor-tab-title eael-accordion-header\" tabindex=\"0\" data-tab=\"1\" aria-controls=\"elementor-tab-content-1531\"><i aria-hidden=\"true\" class=\"fa-toggle fas fa-angle-right\"><\/i><span class=\"eael-accordion-tab-title\">About Amy<\/span><\/div><div id=\"elementor-tab-content-1531\" class=\"eael-accordion-content clearfix\" data-tab=\"1\" aria-labelledby=\"about-amy\"><p><p>As Amy works to complete her bachelors in Political Studies at the University of Saskatchewan, she has aspirations of becoming a family lawyer after, making her bring great motivation to her position as an administrative assistant here at Evolve Law.<\/p><p>\u00a0<\/p><p>When not studying for the LSAT, or helping out around the office she can be found at home with her dog or at the lake fishing at any time of the year.<\/p><\/p><\/div>\n                <\/div><\/div>\t\t<\/div>\n\t\t\t\t<\/div>\n\t\t\t\t\t<\/div>\n\t\t<\/div>\n\t\t\t\t\t\t\t<\/div>\n\t\t<\/section>\n\t\t\t\t\t<\/div>\n\t\t<\/div>\n\t\t\t\t\t\t\t<\/div>\n\t\t<\/section>\n\t\t\t\t<section class=\"has_eae_slider elementor-section elementor-top-section elementor-element elementor-element-a6521b7 elementor-section-boxed elementor-section-height-default elementor-section-height-default\" data-id=\"a6521b7\" data-element_type=\"section\">\n\t\t\t\t\t\t<div class=\"elementor-container elementor-column-gap-default\">\n\t\t\t\t\t<div class=\"has_eae_slider elementor-column elementor-col-100 elementor-top-column elementor-element elementor-element-280b21a\" data-id=\"280b21a\" data-element_type=\"column\">\n\t\t\t<div class=\"elementor-widget-wrap elementor-element-populated\">\n\t\t\t\t\t\t\t\t<div class=\"elementor-element elementor-element-56df29b elementor-widget elementor-widget-html\" data-id=\"56df29b\" data-element_type=\"widget\" data-widget_type=\"html.default\">\n\t\t\t\t<div class=\"elementor-widget-container\">\n\t\t\t<div id=\"ss_survey_widget\"><\/div>\n  <script id=\"SS_SCRIPT\">function sparrowLaunch(opts){var e=\"ss-widget\",t=\"script\",a=document,r=window,l=localStorage;var s,n,c,rm=a.getElementById('SS_SCRIPT');r.SS_WIDGET_TOKEN=\"tt-2i6Ss6g39t4UxjPjJbSdNk\";r.SS_ACCOUNT=\"n3xtep.surveysparrow.com\";r.SS_SURVEY_NAME=\"evolve-law-conflict-search-chat\";if(!a.getElementById(e) && !l.getItem('removed-ss-widget-tt-2i6Ss6g39t4UxjPjJbSdNk')){var S=function(){S.update(arguments)};S.args=[];S.update=function(e){S.args.push(e)};r.SparrowLauncher=S;s=a.getElementsByTagName(t);c=s[s.length-1];n=a.createElement(t);n.type=\"text\/javascript\";n.async=!0;n.id=e;n.src=[\"https:\/\/\",\"n3xtep.surveysparrow.com\/widget\/\",r.SS_WIDGET_TOKEN,\"?\",\"customParams=\",JSON.stringify(opts)].join(\"\");c.parentNode.insertBefore(n,c);r.SS_VARIABLES=opts;rm.parentNode.removeChild(rm);}};<\/script>\n  <script>sparrowLaunch({\/*add custom params here*\/})<\/script>\t\t<\/div>\n\t\t\t\t<\/div>\n\t\t\t\t\t<\/div>\n\t\t<\/div>\n\t\t\t\t\t\t\t<\/div>\n\t\t<\/section>\n\t\t\t\t<section class=\"has_eae_slider elementor-section elementor-top-section elementor-element elementor-element-9b3ec62 elementor-section-boxed elementor-section-height-default elementor-section-height-default\" data-id=\"9b3ec62\" data-element_type=\"section\">\n\t\t\t\t\t\t<div class=\"elementor-container elementor-column-gap-default\">\n\t\t\t\t\t<div class=\"has_eae_slider elementor-column elementor-col-100 elementor-top-column elementor-element elementor-element-54a94ce\" data-id=\"54a94ce\" data-element_type=\"column\">\n\t\t\t<div class=\"elementor-widget-wrap elementor-element-populated\">\n\t\t\t\t\t\t\t\t<div class=\"elementor-element elementor-element-102e8f7 elementor-widget elementor-widget-heading\" data-id=\"102e8f7\" data-element_type=\"widget\" data-widget_type=\"heading.default\">\n\t\t\t\t<div class=\"elementor-widget-container\">\n\t\t\t<h2 class=\"elementor-heading-title elementor-size-default\">Our Commitment to Our Clients<\/h2>\t\t<\/div>\n\t\t\t\t<\/div>\n\t\t\t\t\t<\/div>\n\t\t<\/div>\n\t\t\t\t\t\t\t<\/div>\n\t\t<\/section>\n\t\t\t\t<section class=\"has_eae_slider elementor-section elementor-top-section elementor-element elementor-element-e9dcdf1 elementor-section-boxed elementor-section-height-default elementor-section-height-default\" data-id=\"e9dcdf1\" data-element_type=\"section\">\n\t\t\t\t\t\t<div class=\"elementor-container elementor-column-gap-default\">\n\t\t\t\t\t<div class=\"has_eae_slider elementor-column elementor-col-100 elementor-top-column elementor-element elementor-element-0d5b9cb\" data-id=\"0d5b9cb\" data-element_type=\"column\">\n\t\t\t<div class=\"elementor-widget-wrap elementor-element-populated\">\n\t\t\t\t\t\t\t\t<div class=\"elementor-element elementor-element-56b848b elementor-widget elementor-widget-image\" data-id=\"56b848b\" data-element_type=\"widget\" data-widget_type=\"image.default\">\n\t\t\t\t<div class=\"elementor-widget-container\">\n\t\t\t\t\t\t\t\t\t\t\t\t\t\t\t<img decoding=\"async\" width=\"605\" height=\"454\" src=\"https:\/\/evolvelaw.ca\/wp-content\/uploads\/2023\/07\/Add-a-little-bit-of-body-text-1-1024x768.png\" class=\"attachment-large size-large wp-image-10539\" alt=\"\" srcset=\"https:\/\/evolvelaw.ca\/wp-content\/uploads\/2023\/07\/Add-a-little-bit-of-body-text-1-1024x768.png 1024w, https:\/\/evolvelaw.ca\/wp-content\/uploads\/2023\/07\/Add-a-little-bit-of-body-text-1-300x225.png 300w, https:\/\/evolvelaw.ca\/wp-content\/uploads\/2023\/07\/Add-a-little-bit-of-body-text-1-768x576.png 768w, https:\/\/evolvelaw.ca\/wp-content\/uploads\/2023\/07\/Add-a-little-bit-of-body-text-1-1536x1152.png 1536w, https:\/\/evolvelaw.ca\/wp-content\/uploads\/2023\/07\/Add-a-little-bit-of-body-text-1-2048x1536.png 2048w, https:\/\/evolvelaw.ca\/wp-content\/uploads\/2023\/07\/Add-a-little-bit-of-body-text-1-100x75.png 100w, https:\/\/evolvelaw.ca\/wp-content\/uploads\/2023\/07\/Add-a-little-bit-of-body-text-1-150x113.png 150w, https:\/\/evolvelaw.ca\/wp-content\/uploads\/2023\/07\/Add-a-little-bit-of-body-text-1-200x150.png 200w, https:\/\/evolvelaw.ca\/wp-content\/uploads\/2023\/07\/Add-a-little-bit-of-body-text-1-450x338.png 450w, https:\/\/evolvelaw.ca\/wp-content\/uploads\/2023\/07\/Add-a-little-bit-of-body-text-1-600x450.png 600w, https:\/\/evolvelaw.ca\/wp-content\/uploads\/2023\/07\/Add-a-little-bit-of-body-text-1-900x675.png 900w\" sizes=\"(max-width: 605px) 100vw, 605px\" \/>\t\t\t\t\t\t\t\t\t\t\t\t\t\t\t<\/div>\n\t\t\t\t<\/div>\n\t\t\t\t\t<\/div>\n\t\t<\/div>\n\t\t\t\t\t\t\t<\/div>\n\t\t<\/section>\n\t\t\t\t<section class=\"has_eae_slider elementor-section elementor-top-section elementor-element elementor-element-ea124e4 elementor-section-boxed elementor-section-height-default elementor-section-height-default\" data-id=\"ea124e4\" data-element_type=\"section\">\n\t\t\t\t\t\t<div class=\"elementor-container elementor-column-gap-default\">\n\t\t\t\t\t<div class=\"has_eae_slider elementor-column elementor-col-100 elementor-top-column elementor-element elementor-element-c6036aa\" data-id=\"c6036aa\" data-element_type=\"column\">\n\t\t\t<div class=\"elementor-widget-wrap elementor-element-populated\">\n\t\t\t\t\t\t\t\t<div class=\"elementor-element elementor-element-46cb4d8 elementor-widget elementor-widget-spacer\" data-id=\"46cb4d8\" data-element_type=\"widget\" data-widget_type=\"spacer.default\">\n\t\t\t\t<div class=\"elementor-widget-container\">\n\t\t\t\t\t<div class=\"elementor-spacer\">\n\t\t\t<div class=\"elementor-spacer-inner\"><\/div>\n\t\t<\/div>\n\t\t\t\t<\/div>\n\t\t\t\t<\/div>\n\t\t\t\t\t<\/div>\n\t\t<\/div>\n\t\t\t\t\t\t\t<\/div>\n\t\t<\/section>\n\t\t\t\t<section class=\"has_eae_slider elementor-section elementor-top-section elementor-element elementor-element-222301f7 elementor-section-boxed elementor-section-height-default elementor-section-height-default\" data-id=\"222301f7\" data-element_type=\"section\">\n\t\t\t\t\t\t<div class=\"elementor-container elementor-column-gap-default\">\n\t\t\t\t\t<div class=\"has_eae_slider elementor-column elementor-col-33 elementor-top-column elementor-element elementor-element-48723462\" data-id=\"48723462\" data-element_type=\"column\">\n\t\t\t<div class=\"elementor-widget-wrap\">\n\t\t\t\t\t\t\t\t\t<\/div>\n\t\t<\/div>\n\t\t\t\t<div class=\"has_eae_slider elementor-column elementor-col-33 elementor-top-column elementor-element elementor-element-1cbab2ef\" data-id=\"1cbab2ef\" data-element_type=\"column\">\n\t\t\t<div class=\"elementor-widget-wrap elementor-element-populated\">\n\t\t\t\t\t\t\t\t<div class=\"elementor-element elementor-element-79a6aecd elementor-widget-mobile__width-auto elementor-widget elementor-widget-shortcode\" data-id=\"79a6aecd\" data-element_type=\"widget\" data-widget_type=\"shortcode.default\">\n\t\t\t\t<div class=\"elementor-widget-container\">\n\t\t\t\t\t<div class=\"elementor-shortcode\"><a target=\"_blank\" href=\"https:\/\/www.clio.com\/resources\/client-centered-law-firm\/certification\/\" rel=\"noopener\"> <img decoding=\"async\" alt=\"Clio Client-Centered Certification\" src=\"https:\/\/www.clio.com\/wp-content\/uploads\/2020\/09\/client-centered-certified.png\"><\/a><\/div>\n\t\t\t\t<\/div>\n\t\t\t\t<\/div>\n\t\t\t\t\t<\/div>\n\t\t<\/div>\n\t\t\t\t<div class=\"has_eae_slider elementor-column elementor-col-33 elementor-top-column elementor-element elementor-element-25c1836b\" data-id=\"25c1836b\" data-element_type=\"column\">\n\t\t\t<div class=\"elementor-widget-wrap\">\n\t\t\t\t\t\t\t\t\t<\/div>\n\t\t<\/div>\n\t\t\t\t\t\t\t<\/div>\n\t\t<\/section>\n\t\t\t\t\t\t\t<\/div>\n\t\t","protected":false},"excerpt":{"rendered":"<p>About Us Family Law Exclusive We limit our practice exclusively to family law because we strive to be the most knowledgeable and informed in our field. Narrowing our activity ensures we have a continuous pulse on the latest trends, precedents, &hellip;<\/p>\n<p class=\"read-more\"> <a class=\"more-link\" href=\"https:\/\/evolvelaw.ca\/about-us\/\"> <span class=\"screen-reader-text\">About Us<\/span> Read More &raquo;<\/a><\/p>\n","protected":false},"author":7,"featured_media":0,"parent":0,"menu_order":0,"comment_status":"closed","ping_status":"closed","template":"elementor_header_footer","meta":{"footnotes":""},"_links":{"self":[{"href":"https:\/\/evolvelaw.ca\/wp-json\/wp\/v2\/pages\/26"}],"collection":[{"href":"https:\/\/evolvelaw.ca\/wp-json\/wp\/v2\/pages"}],"about":[{"href":"https:\/\/evolvelaw.ca\/wp-json\/wp\/v2\/types\/page"}],"author":[{"embeddable":true,"href":"https:\/\/evolvelaw.ca\/wp-json\/wp\/v2\/users\/7"}],"replies":[{"embeddable":true,"href":"https:\/\/evolvelaw.ca\/wp-json\/wp\/v2\/comments?post=26"}],"version-history":[{"count":5,"href":"https:\/\/evolvelaw.ca\/wp-json\/wp\/v2\/pages\/26\/revisions"}],"predecessor-version":[{"id":10676,"href":"https:\/\/evolvelaw.ca\/wp-json\/wp\/v2\/pages\/26\/revisions\/10676"}],"wp:attachment":[{"href":"https:\/\/evolvelaw.ca\/wp-json\/wp\/v2\/media?parent=26"}],"curies":[{"name":"wp","href":"https:\/\/api.w.org\/{rel}","templated":true}]}}