{"id":37,"date":"2020-04-20T21:37:10","date_gmt":"2020-04-21T03:37:10","guid":{"rendered":"https:\/\/evolvelaw.ca\/?page_id=37"},"modified":"2023-01-16T09:47:22","modified_gmt":"2023-01-16T15:47:22","slug":"pricing","status":"publish","type":"page","link":"https:\/\/evolvelaw.ca\/pricing\/","title":{"rendered":"Pricing"},"content":{"rendered":"\t\t<div data-elementor-type=\"wp-page\" data-elementor-id=\"37\" class=\"elementor elementor-37\" data-elementor-post-type=\"page\">\n\t\t\t\t\t\t\t\t\t<section class=\"has_eae_slider elementor-section elementor-top-section elementor-element elementor-element-70090d33 elementor-section-content-middle elementor-section-height-min-height elementor-section-boxed elementor-section-height-default elementor-section-items-middle\" data-id=\"70090d33\" data-element_type=\"section\" data-settings=\"{&quot;background_background&quot;:&quot;classic&quot;}\">\n\t\t\t\t\t\t\t<div class=\"elementor-background-overlay\"><\/div>\n\t\t\t\t\t\t\t<div class=\"elementor-container elementor-column-gap-no\">\n\t\t\t\t\t<div class=\"has_eae_slider elementor-column elementor-col-50 elementor-top-column elementor-element elementor-element-7fa4e3a\" data-id=\"7fa4e3a\" data-element_type=\"column\">\n\t\t\t<div class=\"elementor-widget-wrap elementor-element-populated\">\n\t\t\t\t\t\t\t\t<div class=\"elementor-element elementor-element-4d077054 elementor-widget elementor-widget-heading\" data-id=\"4d077054\" data-element_type=\"widget\" data-widget_type=\"heading.default\">\n\t\t\t\t<div class=\"elementor-widget-container\">\n\t\t\t<h1 class=\"elementor-heading-title elementor-size-default\">FLAT RATE PRICE LIST<\/h1>\t\t<\/div>\n\t\t\t\t<\/div>\n\t\t\t\t<div class=\"elementor-element elementor-element-67cf479b elementor-widget-divider--view-line elementor-widget elementor-widget-divider\" data-id=\"67cf479b\" data-element_type=\"widget\" data-widget_type=\"divider.default\">\n\t\t\t\t<div class=\"elementor-widget-container\">\n\t\t\t\t\t<div class=\"elementor-divider\">\n\t\t\t<span class=\"elementor-divider-separator\">\n\t\t\t\t\t\t<\/span>\n\t\t<\/div>\n\t\t\t\t<\/div>\n\t\t\t\t<\/div>\n\t\t\t\t<div class=\"elementor-element elementor-element-559257f1 elementor-vertical-align-top elementor-widget elementor-widget-icon-box\" data-id=\"559257f1\" data-element_type=\"widget\" data-widget_type=\"icon-box.default\">\n\t\t\t\t<div class=\"elementor-widget-container\">\n\t\t\t\t\t<div class=\"elementor-icon-box-wrapper\">\n\t\t\t\t\t\t<div class=\"elementor-icon-box-content\">\n\t\t\t\t<h3 class=\"elementor-icon-box-title\">\n\t\t\t\t\t<span  >\n\t\t\t\t\t\tConsultations\t\t\t\t\t<\/span>\n\t\t\t\t<\/h3>\n\t\t\t\t\t\t\t\t\t<p class=\"elementor-icon-box-description\">\n\t\t\t\t\t\tPrior to determining what options are available to you in order to move your family law issue forward, it is often necessary to speak with one of our lawyers to get direction, information and advice.\t\t\t\t\t<\/p>\n\t\t\t\t\t\t\t<\/div>\n\t\t<\/div>\n\t\t\t\t<\/div>\n\t\t\t\t<\/div>\n\t\t\t\t\t<\/div>\n\t\t<\/div>\n\t\t\t\t<div class=\"has_eae_slider elementor-column elementor-col-50 elementor-top-column elementor-element elementor-element-79d85ace\" data-id=\"79d85ace\" data-element_type=\"column\">\n\t\t\t<div class=\"elementor-widget-wrap elementor-element-populated\">\n\t\t\t\t\t\t\t\t<div class=\"elementor-element elementor-element-7e6c11c elementor-position-left elementor-view-framed elementor-shape-circle elementor-mobile-position-top elementor-vertical-align-top elementor-widget elementor-widget-icon-box\" data-id=\"7e6c11c\" data-element_type=\"widget\" data-settings=\"{&quot;_animation_mobile&quot;:&quot;fadeInRight&quot;}\" data-widget_type=\"icon-box.default\">\n\t\t\t\t<div class=\"elementor-widget-container\">\n\t\t\t\t\t<div class=\"elementor-icon-box-wrapper\">\n\t\t\t\t\t\t<div class=\"elementor-icon-box-icon\">\n\t\t\t\t<span  class=\"elementor-icon elementor-animation-grow\">\n\t\t\t\t<i aria-hidden=\"true\" class=\"fas fa-phone\"><\/i>\t\t\t\t<\/span>\n\t\t\t<\/div>\n\t\t\t\t\t\t<div class=\"elementor-icon-box-content\">\n\t\t\t\t<h2 class=\"elementor-icon-box-title\">\n\t\t\t\t\t<span  >\n\t\t\t\t\t\tStandard Booking $199\t\t\t\t\t<\/span>\n\t\t\t\t<\/h2>\n\t\t\t\t\t\t\t\t\t<p class=\"elementor-icon-box-description\">\n\t\t\t\t\t\tConnect with one of our Lawyers for a quick consultation. (These are booked in 30 minute increments.)\t\t\t\t\t<\/p>\n\t\t\t\t\t\t\t<\/div>\n\t\t<\/div>\n\t\t\t\t<\/div>\n\t\t\t\t<\/div>\n\t\t\t\t<div class=\"elementor-element elementor-element-77ebd08b elementor-position-left elementor-view-framed elementor-shape-circle elementor-mobile-position-top elementor-vertical-align-top elementor-widget elementor-widget-icon-box\" data-id=\"77ebd08b\" data-element_type=\"widget\" data-settings=\"{&quot;_animation_mobile&quot;:&quot;fadeInRight&quot;}\" data-widget_type=\"icon-box.default\">\n\t\t\t\t<div class=\"elementor-widget-container\">\n\t\t\t\t\t<div class=\"elementor-icon-box-wrapper\">\n\t\t\t\t\t\t<div class=\"elementor-icon-box-icon\">\n\t\t\t\t<span  class=\"elementor-icon elementor-animation-grow\">\n\t\t\t\t<i aria-hidden=\"true\" class=\"fas fa-info\"><\/i>\t\t\t\t<\/span>\n\t\t\t<\/div>\n\t\t\t\t\t\t<div class=\"elementor-icon-box-content\">\n\t\t\t\t<h3 class=\"elementor-icon-box-title\">\n\t\t\t\t\t<span  >\n\t\t\t\t\t\tEmergency Request $499\t\t\t\t\t<\/span>\n\t\t\t\t<\/h3>\n\t\t\t\t\t\t\t\t\t<p class=\"elementor-icon-box-description\">\n\t\t\t\t\t\tSpeak with the next available lawyer within <br>2 business hours!<br>\t\t\t\t\t<\/p>\n\t\t\t\t\t\t\t<\/div>\n\t\t<\/div>\n\t\t\t\t<\/div>\n\t\t\t\t<\/div>\n\t\t\t\t\t<\/div>\n\t\t<\/div>\n\t\t\t\t\t\t\t<\/div>\n\t\t<\/section>\n\t\t\t\t<section class=\"has_eae_slider elementor-section elementor-top-section elementor-element elementor-element-9184979 elementor-section-content-middle elementor-section-boxed elementor-section-height-default elementor-section-height-default\" data-id=\"9184979\" data-element_type=\"section\" data-settings=\"{&quot;background_background&quot;:&quot;classic&quot;}\">\n\t\t\t\t\t\t\t<div class=\"elementor-background-overlay\"><\/div>\n\t\t\t\t\t\t\t<div class=\"elementor-container elementor-column-gap-no\">\n\t\t\t\t\t<div class=\"has_eae_slider elementor-column elementor-col-100 elementor-top-column elementor-element elementor-element-6581c60f\" data-id=\"6581c60f\" data-element_type=\"column\">\n\t\t\t<div class=\"elementor-widget-wrap elementor-element-populated\">\n\t\t\t\t\t\t\t\t<div class=\"elementor-element elementor-element-b764648 elementor-widget elementor-widget-heading\" data-id=\"b764648\" data-element_type=\"widget\" data-widget_type=\"heading.default\">\n\t\t\t\t<div class=\"elementor-widget-container\">\n\t\t\t<h1 class=\"elementor-heading-title elementor-size-default\">\"off the shelf\" family law services price list<\/h1>\t\t<\/div>\n\t\t\t\t<\/div>\n\t\t\t\t<div class=\"elementor-element elementor-element-6fc7bd2 elementor-widget elementor-widget-heading\" data-id=\"6fc7bd2\" data-element_type=\"widget\" data-widget_type=\"heading.default\">\n\t\t\t\t<div class=\"elementor-widget-container\">\n\t\t\t<h5 class=\"elementor-heading-title elementor-size-default\">We have worked very hard to design our services as through they were products on a shelf in order to best enable us to fix our flat rates to provide our clients with more accuracy and certainty of how much our services will cost when they begin their legal journey. (Prices starting at - tax not included)<\/h5>\t\t<\/div>\n\t\t\t\t<\/div>\n\t\t\t\t\t<\/div>\n\t\t<\/div>\n\t\t\t\t\t\t\t<\/div>\n\t\t<\/section>\n\t\t\t\t<section class=\"has_eae_slider elementor-section elementor-top-section elementor-element elementor-element-cf8c33d elementor-section-boxed elementor-section-height-default elementor-section-height-default\" data-id=\"cf8c33d\" data-element_type=\"section\" data-settings=\"{&quot;background_background&quot;:&quot;classic&quot;}\">\n\t\t\t\t\t\t\t<div class=\"elementor-background-overlay\"><\/div>\n\t\t\t\t\t\t\t<div class=\"elementor-container elementor-column-gap-default\">\n\t\t\t\t\t<div class=\"has_eae_slider elementor-column elementor-col-50 elementor-top-column elementor-element elementor-element-9b2188f\" data-id=\"9b2188f\" data-element_type=\"column\">\n\t\t\t<div class=\"elementor-widget-wrap elementor-element-populated\">\n\t\t\t\t\t\t\t\t<div class=\"elementor-element elementor-element-1c6440c8 elementor-widget elementor-widget-toggle\" data-id=\"1c6440c8\" data-element_type=\"widget\" data-widget_type=\"toggle.default\">\n\t\t\t\t<div class=\"elementor-widget-container\">\n\t\t\t\t\t<div class=\"elementor-toggle\">\n\t\t\t\t\t\t\t<div class=\"elementor-toggle-item\">\n\t\t\t\t\t<div id=\"elementor-tab-title-4761\" class=\"elementor-tab-title\" data-tab=\"1\" role=\"button\" aria-controls=\"elementor-tab-content-4761\" aria-expanded=\"false\">\n\t\t\t\t\t\t\t\t\t\t\t\t<span class=\"elementor-toggle-icon elementor-toggle-icon-right\" aria-hidden=\"true\">\n\t\t\t\t\t\t\t\t\t\t\t\t\t\t\t<span class=\"elementor-toggle-icon-closed\"><i class=\"fas fa-caret-right\"><\/i><\/span>\n\t\t\t\t\t\t\t\t<span class=\"elementor-toggle-icon-opened\"><i class=\"elementor-toggle-icon-opened fas fa-caret-up\"><\/i><\/span>\n\t\t\t\t\t\t\t\t\t\t\t\t\t<\/span>\n\t\t\t\t\t\t\t\t\t\t\t\t<a class=\"elementor-toggle-title\" tabindex=\"0\">Interspousal or Cohabitation Agreements Lite $2,400<\/a>\n\t\t\t\t\t<\/div>\n\n\t\t\t\t\t<div id=\"elementor-tab-content-4761\" class=\"elementor-tab-content elementor-clearfix\" data-tab=\"1\" role=\"region\" aria-labelledby=\"elementor-tab-title-4761\"><p>Whether you require an agreement prior to entering into a spousal relationship, during a spousal relationship or following separation, we can assist you in drafting, negotiating, and structuring your agreement in a manner that not only resolves your legal issues but provides a governing guideline for parenting and other responsibilities of each party to the agreement such that it provides clarity and certainty and is enforceable in the event of non-compliance. &#8220;Lite&#8221; generally means there are only a couple of issues such as custody, parenting and support or straightforward division of property.<\/p><\/div>\n\t\t\t\t<\/div>\n\t\t\t\t\t\t\t<div class=\"elementor-toggle-item\">\n\t\t\t\t\t<div id=\"elementor-tab-title-4762\" class=\"elementor-tab-title\" data-tab=\"2\" role=\"button\" aria-controls=\"elementor-tab-content-4762\" aria-expanded=\"false\">\n\t\t\t\t\t\t\t\t\t\t\t\t<span class=\"elementor-toggle-icon elementor-toggle-icon-right\" aria-hidden=\"true\">\n\t\t\t\t\t\t\t\t\t\t\t\t\t\t\t<span class=\"elementor-toggle-icon-closed\"><i class=\"fas fa-caret-right\"><\/i><\/span>\n\t\t\t\t\t\t\t\t<span class=\"elementor-toggle-icon-opened\"><i class=\"elementor-toggle-icon-opened fas fa-caret-up\"><\/i><\/span>\n\t\t\t\t\t\t\t\t\t\t\t\t\t<\/span>\n\t\t\t\t\t\t\t\t\t\t\t\t<a class=\"elementor-toggle-title\" tabindex=\"0\">Interspousal or Cohabitation Agreements $6,000<\/a>\n\t\t\t\t\t<\/div>\n\n\t\t\t\t\t<div id=\"elementor-tab-content-4762\" class=\"elementor-tab-content elementor-clearfix\" data-tab=\"2\" role=\"region\" aria-labelledby=\"elementor-tab-title-4762\"><p>Whether you require an agreement prior to entering into a spousal relationship, during a spousal relationship or following separation, we can assist you in drafting, negotiating, and structuring your agreement in a manner that not only resolves your legal issues but provides a governing guideline for parenting and other responsibilities of each party to the agreement such that it provides clarity and certainty and is enforceable in the event of non-compliance. These typically involve a plethora of legal issues.<\/p><\/div>\n\t\t\t\t<\/div>\n\t\t\t\t\t\t\t<div class=\"elementor-toggle-item\">\n\t\t\t\t\t<div id=\"elementor-tab-title-4763\" class=\"elementor-tab-title\" data-tab=\"3\" role=\"button\" aria-controls=\"elementor-tab-content-4763\" aria-expanded=\"false\">\n\t\t\t\t\t\t\t\t\t\t\t\t<span class=\"elementor-toggle-icon elementor-toggle-icon-right\" aria-hidden=\"true\">\n\t\t\t\t\t\t\t\t\t\t\t\t\t\t\t<span class=\"elementor-toggle-icon-closed\"><i class=\"fas fa-caret-right\"><\/i><\/span>\n\t\t\t\t\t\t\t\t<span class=\"elementor-toggle-icon-opened\"><i class=\"elementor-toggle-icon-opened fas fa-caret-up\"><\/i><\/span>\n\t\t\t\t\t\t\t\t\t\t\t\t\t<\/span>\n\t\t\t\t\t\t\t\t\t\t\t\t<a class=\"elementor-toggle-title\" tabindex=\"0\">Interspousal or Cohabitation Agreements with Complex Corporate or Tax Considerations $15,000<\/a>\n\t\t\t\t\t<\/div>\n\n\t\t\t\t\t<div id=\"elementor-tab-content-4763\" class=\"elementor-tab-content elementor-clearfix\" data-tab=\"3\" role=\"region\" aria-labelledby=\"elementor-tab-title-4763\"><p>These typically require significant legal or financial planning to take advantage of any corporate structuring or tax considerations in consultation with either your existing financial or tax planner or one of our partnering professionals. Whether you require an agreement prior to entering into a spousal relationship, during a spousal relationship or following separation, we can assist you in drafting, negotiating, and structuring your agreement in a manner that not only resolves your legal issues but provides a governing guideline for parenting and other responsibilities of each party to the agreement such that it provides clarity and certainty and is enforceable in the event of non-compliance. These typically involve a plethora of legal issues.<\/p><\/div>\n\t\t\t\t<\/div>\n\t\t\t\t\t\t\t<div class=\"elementor-toggle-item\">\n\t\t\t\t\t<div id=\"elementor-tab-title-4764\" class=\"elementor-tab-title\" data-tab=\"4\" role=\"button\" aria-controls=\"elementor-tab-content-4764\" aria-expanded=\"false\">\n\t\t\t\t\t\t\t\t\t\t\t\t<span class=\"elementor-toggle-icon elementor-toggle-icon-right\" aria-hidden=\"true\">\n\t\t\t\t\t\t\t\t\t\t\t\t\t\t\t<span class=\"elementor-toggle-icon-closed\"><i class=\"fas fa-caret-right\"><\/i><\/span>\n\t\t\t\t\t\t\t\t<span class=\"elementor-toggle-icon-opened\"><i class=\"elementor-toggle-icon-opened fas fa-caret-up\"><\/i><\/span>\n\t\t\t\t\t\t\t\t\t\t\t\t\t<\/span>\n\t\t\t\t\t\t\t\t\t\t\t\t<a class=\"elementor-toggle-title\" tabindex=\"0\">Independent Legal Advice $750<\/a>\n\t\t\t\t\t<\/div>\n\n\t\t\t\t\t<div id=\"elementor-tab-content-4764\" class=\"elementor-tab-content elementor-clearfix\" data-tab=\"4\" role=\"region\" aria-labelledby=\"elementor-tab-title-4764\"><p>If you have a legal agreement and only require review and advice relating to the same, we can ensure you have been informed about your rights and obligations of any Interspousal Agreement as required under The Family Property Act.<\/p><\/div>\n\t\t\t\t<\/div>\n\t\t\t\t\t\t\t<div class=\"elementor-toggle-item\">\n\t\t\t\t\t<div id=\"elementor-tab-title-4765\" class=\"elementor-tab-title\" data-tab=\"5\" role=\"button\" aria-controls=\"elementor-tab-content-4765\" aria-expanded=\"false\">\n\t\t\t\t\t\t\t\t\t\t\t\t<span class=\"elementor-toggle-icon elementor-toggle-icon-right\" aria-hidden=\"true\">\n\t\t\t\t\t\t\t\t\t\t\t\t\t\t\t<span class=\"elementor-toggle-icon-closed\"><i class=\"fas fa-caret-right\"><\/i><\/span>\n\t\t\t\t\t\t\t\t<span class=\"elementor-toggle-icon-opened\"><i class=\"elementor-toggle-icon-opened fas fa-caret-up\"><\/i><\/span>\n\t\t\t\t\t\t\t\t\t\t\t\t\t<\/span>\n\t\t\t\t\t\t\t\t\t\t\t\t<a class=\"elementor-toggle-title\" tabindex=\"0\">Preparing for and Attending a Four-Way Meeting $2,500<\/a>\n\t\t\t\t\t<\/div>\n\n\t\t\t\t\t<div id=\"elementor-tab-content-4765\" class=\"elementor-tab-content elementor-clearfix\" data-tab=\"5\" role=\"region\" aria-labelledby=\"elementor-tab-title-4765\"><p>Meeting with the other party and their lawyer can be an effective way in getting together to find amicable solutions to resolving your family law matter. Depending on the complexity of issues involved and the reasonableness of the opposing party, four-way meetings can be <span class=\"qowt-font3-Arial\">highly productive in resolving some or <\/span><span id=\"E309\" class=\"qowt-font3-Arial\">all of<\/span><span id=\"E311\" class=\"qowt-font3-Arial\"> the outstanding issues<\/span><\/p><\/div>\n\t\t\t\t<\/div>\n\t\t\t\t\t\t\t<div class=\"elementor-toggle-item\">\n\t\t\t\t\t<div id=\"elementor-tab-title-4766\" class=\"elementor-tab-title\" data-tab=\"6\" role=\"button\" aria-controls=\"elementor-tab-content-4766\" aria-expanded=\"false\">\n\t\t\t\t\t\t\t\t\t\t\t\t<span class=\"elementor-toggle-icon elementor-toggle-icon-right\" aria-hidden=\"true\">\n\t\t\t\t\t\t\t\t\t\t\t\t\t\t\t<span class=\"elementor-toggle-icon-closed\"><i class=\"fas fa-caret-right\"><\/i><\/span>\n\t\t\t\t\t\t\t\t<span class=\"elementor-toggle-icon-opened\"><i class=\"elementor-toggle-icon-opened fas fa-caret-up\"><\/i><\/span>\n\t\t\t\t\t\t\t\t\t\t\t\t\t<\/span>\n\t\t\t\t\t\t\t\t\t\t\t\t<a class=\"elementor-toggle-title\" tabindex=\"0\">Petition and Property\/Financial Statements $3,000<\/a>\n\t\t\t\t\t<\/div>\n\n\t\t\t\t\t<div id=\"elementor-tab-content-4766\" class=\"elementor-tab-content elementor-clearfix\" data-tab=\"6\" role=\"region\" aria-labelledby=\"elementor-tab-title-4766\"><p><span id=\"E330\" class=\"qowt-font3-Arial\">Commencing a court action requires the issuance of a petition and filing a financial statement (where there are support issues) and a property statement (where there are property issues). This <\/span><span id=\"E331\" class=\"qowt-font3-Arial\">starts the litigation process and is a required step to completing a divorce or obtaining a court order. <\/span><span id=\"E332\" class=\"qowt-font3-Arial\">The Petition signals to the opposing party what specific relief you are claiming. <\/span><span id=\"E333\" class=\"qowt-font3-Arial\">This includes court fees of $200 (no divorce) to $300 (including divorce).<\/span><\/p><\/div>\n\t\t\t\t<\/div>\n\t\t\t\t\t\t\t<div class=\"elementor-toggle-item\">\n\t\t\t\t\t<div id=\"elementor-tab-title-4767\" class=\"elementor-tab-title\" data-tab=\"7\" role=\"button\" aria-controls=\"elementor-tab-content-4767\" aria-expanded=\"false\">\n\t\t\t\t\t\t\t\t\t\t\t\t<span class=\"elementor-toggle-icon elementor-toggle-icon-right\" aria-hidden=\"true\">\n\t\t\t\t\t\t\t\t\t\t\t\t\t\t\t<span class=\"elementor-toggle-icon-closed\"><i class=\"fas fa-caret-right\"><\/i><\/span>\n\t\t\t\t\t\t\t\t<span class=\"elementor-toggle-icon-opened\"><i class=\"elementor-toggle-icon-opened fas fa-caret-up\"><\/i><\/span>\n\t\t\t\t\t\t\t\t\t\t\t\t\t<\/span>\n\t\t\t\t\t\t\t\t\t\t\t\t<a class=\"elementor-toggle-title\" tabindex=\"0\">Answer and\/or Counter-Petition and Property\/Financial Statements $2,500<\/a>\n\t\t\t\t\t<\/div>\n\n\t\t\t\t\t<div id=\"elementor-tab-content-4767\" class=\"elementor-tab-content elementor-clearfix\" data-tab=\"7\" role=\"region\" aria-labelledby=\"elementor-tab-title-4767\"><p><span id=\"E342\" class=\"qowt-font3-Arial\">Responding to a Petition you have been served with involves filing a formal response in the form of an Answer<\/span><span id=\"E343\" class=\"qowt-font3-Arial\"> <\/span><span id=\"E344\" class=\"qowt-font3-Arial\">and filing a financial statement (where there are support issues) and a property statement (where there are property issues)<\/span><span id=\"E345\" class=\"qowt-font3-Arial\">. If you have relief you wish to deal with that was not plead in the Petition, you will also need to file a Counter-Petition. The Answer and Counter-Petition responds to the relief sought by the other party while signalling what other relief you are claiming. This includes court fees of $100 (no divorce) to $200 (including divorce).<\/span><\/p><\/div>\n\t\t\t\t<\/div>\n\t\t\t\t\t\t\t<div class=\"elementor-toggle-item\">\n\t\t\t\t\t<div id=\"elementor-tab-title-4768\" class=\"elementor-tab-title\" data-tab=\"8\" role=\"button\" aria-controls=\"elementor-tab-content-4768\" aria-expanded=\"false\">\n\t\t\t\t\t\t\t\t\t\t\t\t<span class=\"elementor-toggle-icon elementor-toggle-icon-right\" aria-hidden=\"true\">\n\t\t\t\t\t\t\t\t\t\t\t\t\t\t\t<span class=\"elementor-toggle-icon-closed\"><i class=\"fas fa-caret-right\"><\/i><\/span>\n\t\t\t\t\t\t\t\t<span class=\"elementor-toggle-icon-opened\"><i class=\"elementor-toggle-icon-opened fas fa-caret-up\"><\/i><\/span>\n\t\t\t\t\t\t\t\t\t\t\t\t\t<\/span>\n\t\t\t\t\t\t\t\t\t\t\t\t<a class=\"elementor-toggle-title\" tabindex=\"0\">Obtaining and Providing Disclosure $1500<\/a>\n\t\t\t\t\t<\/div>\n\n\t\t\t\t\t<div id=\"elementor-tab-content-4768\" class=\"elementor-tab-content elementor-clearfix\" data-tab=\"8\" role=\"region\" aria-labelledby=\"elementor-tab-title-4768\"><p>Disclosure of documents and information is crucial to determining fair and appropriate settlement of issues involving support and property division. There are a variety of methods that can be explored to ensure you have received the information required to satisfy you the resolution of your matter is fair. These include service and filing of a Notice to Disclose, service and filing of a Notice to Reply to Written Questions, conducting Oral Questioning, application to enforce compliance with deadlines, etc.<\/p><p>You may also have disclosure requirements you need to provide such as responding to a Notice to Disclose, responding to a Notice to Reply to Written Questions, subjecting yourself to Oral Questioning, or responding to an application to enforce compliance with deadlines, etc.<\/p><\/div>\n\t\t\t\t<\/div>\n\t\t\t\t\t\t\t<div class=\"elementor-toggle-item\">\n\t\t\t\t\t<div id=\"elementor-tab-title-4769\" class=\"elementor-tab-title\" data-tab=\"9\" role=\"button\" aria-controls=\"elementor-tab-content-4769\" aria-expanded=\"false\">\n\t\t\t\t\t\t\t\t\t\t\t\t<span class=\"elementor-toggle-icon elementor-toggle-icon-right\" aria-hidden=\"true\">\n\t\t\t\t\t\t\t\t\t\t\t\t\t\t\t<span class=\"elementor-toggle-icon-closed\"><i class=\"fas fa-caret-right\"><\/i><\/span>\n\t\t\t\t\t\t\t\t<span class=\"elementor-toggle-icon-opened\"><i class=\"elementor-toggle-icon-opened fas fa-caret-up\"><\/i><\/span>\n\t\t\t\t\t\t\t\t\t\t\t\t\t<\/span>\n\t\t\t\t\t\t\t\t\t\t\t\t<a class=\"elementor-toggle-title\" tabindex=\"0\">Interim Applications $7,500<\/a>\n\t\t\t\t\t<\/div>\n\n\t\t\t\t\t<div id=\"elementor-tab-content-4769\" class=\"elementor-tab-content elementor-clearfix\" data-tab=\"9\" role=\"region\" aria-labelledby=\"elementor-tab-title-4769\"><p><span id=\"E381\" class=\"qowt-font3-Arial\">From time to time, your legal issues cannot wait to be resolved in the ordinary course and require more immediate court intervention. This could involve custody or access issues<\/span><span id=\"E382\" class=\"qowt-font3-Arial\">, child or spousal support issues, or property matters (i.e. exclusive possession of the family home, preservation order restraining the sale or disposal of family property, or <span class=\"qowt-font3-Arial\">an interim distribution, etc.) Although interim applications are generally suggested to be a last-resort mechanism to dealing with your family law issues, occasionally they are necessary where the opposing party refuses to take a reasonable position or resists your attempts to move forward in a more efficient manner.<\/span><span id=\"E383\" class=\"qowt-font3-Arial\"> This includes the $20 to $50 in court fees that may be incurred. These typically involve a plethora of legal issues.<\/span><\/span><\/p><\/div>\n\t\t\t\t<\/div>\n\t\t\t\t\t\t\t<div class=\"elementor-toggle-item\">\n\t\t\t\t\t<div id=\"elementor-tab-title-47610\" class=\"elementor-tab-title\" data-tab=\"10\" role=\"button\" aria-controls=\"elementor-tab-content-47610\" aria-expanded=\"false\">\n\t\t\t\t\t\t\t\t\t\t\t\t<span class=\"elementor-toggle-icon elementor-toggle-icon-right\" aria-hidden=\"true\">\n\t\t\t\t\t\t\t\t\t\t\t\t\t\t\t<span class=\"elementor-toggle-icon-closed\"><i class=\"fas fa-caret-right\"><\/i><\/span>\n\t\t\t\t\t\t\t\t<span class=\"elementor-toggle-icon-opened\"><i class=\"elementor-toggle-icon-opened fas fa-caret-up\"><\/i><\/span>\n\t\t\t\t\t\t\t\t\t\t\t\t\t<\/span>\n\t\t\t\t\t\t\t\t\t\t\t\t<a class=\"elementor-toggle-title\" tabindex=\"0\">Interim Applications (*Response) $6,500<\/a>\n\t\t\t\t\t<\/div>\n\n\t\t\t\t\t<div id=\"elementor-tab-content-47610\" class=\"elementor-tab-content elementor-clearfix\" data-tab=\"10\" role=\"region\" aria-labelledby=\"elementor-tab-title-47610\"><p><span id=\"E381\" class=\"qowt-font3-Arial\">From time to time, your legal issues cannot wait to be resolved in the ordinary course and require more immediate court intervention. This could involve custody or access issues<\/span><span id=\"E382\" class=\"qowt-font3-Arial\">, child or spousal support issues, or property matters (i.e. exclusive possession of the family home, preservation order restraining the sale or disposal of family property, or <span class=\"qowt-font3-Arial\">an interim distribution, etc.) Although interim applications are generally suggested to be a last-resort mechanism to dealing with your family law issues, occasionally they are necessary where the opposing party refuses to take a reasonable position or resists your attempts to move forward in a more efficient manner.<\/span><span id=\"E383\" class=\"qowt-font3-Arial\"> This includes the $20 to $50 in court fees that may be incurred. These typically involve a plethora of legal issues.<\/span><\/span> In the event you are responding to an interim application, the cost will be slightly less.<\/p><\/div>\n\t\t\t\t<\/div>\n\t\t\t\t\t\t\t<div class=\"elementor-toggle-item\">\n\t\t\t\t\t<div id=\"elementor-tab-title-47611\" class=\"elementor-tab-title\" data-tab=\"11\" role=\"button\" aria-controls=\"elementor-tab-content-47611\" aria-expanded=\"false\">\n\t\t\t\t\t\t\t\t\t\t\t\t<span class=\"elementor-toggle-icon elementor-toggle-icon-right\" aria-hidden=\"true\">\n\t\t\t\t\t\t\t\t\t\t\t\t\t\t\t<span class=\"elementor-toggle-icon-closed\"><i class=\"fas fa-caret-right\"><\/i><\/span>\n\t\t\t\t\t\t\t\t<span class=\"elementor-toggle-icon-opened\"><i class=\"elementor-toggle-icon-opened fas fa-caret-up\"><\/i><\/span>\n\t\t\t\t\t\t\t\t\t\t\t\t\t<\/span>\n\t\t\t\t\t\t\t\t\t\t\t\t<a class=\"elementor-toggle-title\" tabindex=\"0\">Preparing for and Attending a Pretrial Management Conference $10,000<\/a>\n\t\t\t\t\t<\/div>\n\n\t\t\t\t\t<div id=\"elementor-tab-content-47611\" class=\"elementor-tab-content elementor-clearfix\" data-tab=\"11\" role=\"region\" aria-labelledby=\"elementor-tab-title-47611\"><p><span id=\"E395\" class=\"qowt-font3-Arial\">A pretrial management conference is a mandatory procedure on the litigation path in the event you are not able to otherwise resolve matters by agreement. We start by scheduling the pretrial by teleconference. Once it is scheduled (usually 4-6 months after the teleconference), both parties are required to file pretrial briefs of law outlining their positions 10 days before the pretrial. The process involves both parties coming together in the presence of a judge who assist the parties in facilitating meaningful settlement discussion. They are highly effective in reaching a final resolution with a high probability of settlement by way of Minutes of Settlement or Consent Judgment.<\/span><span id=\"E396\" class=\"qowt-font3-Arial\"> This includes the $75 court fees.<\/span><\/p><\/div>\n\t\t\t\t<\/div>\n\t\t\t\t\t\t\t<div class=\"elementor-toggle-item\">\n\t\t\t\t\t<div id=\"elementor-tab-title-47612\" class=\"elementor-tab-title\" data-tab=\"12\" role=\"button\" aria-controls=\"elementor-tab-content-47612\" aria-expanded=\"false\">\n\t\t\t\t\t\t\t\t\t\t\t\t<span class=\"elementor-toggle-icon elementor-toggle-icon-right\" aria-hidden=\"true\">\n\t\t\t\t\t\t\t\t\t\t\t\t\t\t\t<span class=\"elementor-toggle-icon-closed\"><i class=\"fas fa-caret-right\"><\/i><\/span>\n\t\t\t\t\t\t\t\t<span class=\"elementor-toggle-icon-opened\"><i class=\"elementor-toggle-icon-opened fas fa-caret-up\"><\/i><\/span>\n\t\t\t\t\t\t\t\t\t\t\t\t\t<\/span>\n\t\t\t\t\t\t\t\t\t\t\t\t<a class=\"elementor-toggle-title\" tabindex=\"0\">Trial $15,000 per day<\/a>\n\t\t\t\t\t<\/div>\n\n\t\t\t\t\t<div id=\"elementor-tab-content-47612\" class=\"elementor-tab-content elementor-clearfix\" data-tab=\"12\" role=\"region\" aria-labelledby=\"elementor-tab-title-47612\"><p id=\"E404\"><span id=\"E405\" class=\"qowt-font3-Arial\">The last stage in the litigation process is trial. Some statistics suggest less than 2% of family law files end up going to trial and it is considered the absolute last resort to settling family law issues.<\/span><span id=\"E406\" class=\"qowt-font3-Arial\"> There is a considerable amount of preparation involved in trials<\/span><span id=\"E407\" class=\"qowt-font3-Arial\"> including organization of documents to be used as exhibits, strategizing preparing questions for witnesses, reviewing all pleadings and court documents, etc.<\/span><\/p><p id=\"E409\"><span id=\"E410\" class=\"qowt-font3-Arial\">It is estimated that for every day of trial, there are 3-4 days of preparation. This preparation occurs at various phases in the days, weeks and months before trial. For this reason, fees are typically charged for one day of trial even if the matter settles within two months before the start of the trial, for two days of trial even if the matter settles within two weeks of trial, for three days of trial even if the matter settles within one day of trial and for the entirety of the scheduled days of trial whether they are utilized or not. It is always advisable to avoid trial <\/span><span id=\"E412\" class=\"qowt-font3-Arial\">if at all possible<\/span><span id=\"E414\" class=\"qowt-font3-Arial\">, not just because of the high financial cost, but also due to the high emotional cost given the stress of the process.<\/span><\/p><\/div>\n\t\t\t\t<\/div>\n\t\t\t\t\t\t\t<div class=\"elementor-toggle-item\">\n\t\t\t\t\t<div id=\"elementor-tab-title-47613\" class=\"elementor-tab-title\" data-tab=\"13\" role=\"button\" aria-controls=\"elementor-tab-content-47613\" aria-expanded=\"false\">\n\t\t\t\t\t\t\t\t\t\t\t\t<span class=\"elementor-toggle-icon elementor-toggle-icon-right\" aria-hidden=\"true\">\n\t\t\t\t\t\t\t\t\t\t\t\t\t\t\t<span class=\"elementor-toggle-icon-closed\"><i class=\"fas fa-caret-right\"><\/i><\/span>\n\t\t\t\t\t\t\t\t<span class=\"elementor-toggle-icon-opened\"><i class=\"elementor-toggle-icon-opened fas fa-caret-up\"><\/i><\/span>\n\t\t\t\t\t\t\t\t\t\t\t\t\t<\/span>\n\t\t\t\t\t\t\t\t\t\t\t\t<a class=\"elementor-toggle-title\" tabindex=\"0\">Appeals $15,000<\/a>\n\t\t\t\t\t<\/div>\n\n\t\t\t\t\t<div id=\"elementor-tab-content-47613\" class=\"elementor-tab-content elementor-clearfix\" data-tab=\"13\" role=\"region\" aria-labelledby=\"elementor-tab-title-47613\"><p id=\"E422\"><span id=\"E423\" class=\"qowt-font3-Arial\">Occasionally, litigants end up with a decision they do not agree with and wish to challenge the court\u2019s decision to a higher authority. The law is constantly <\/span><span id=\"E425\" class=\"qowt-font3-Arial\">evolving<\/span><span id=\"E427\" class=\"qowt-font3-Arial\"> and the Court of Appeal\u2019s decisions serve to advance those evolutions and provide valuable commentary and clarification to lower courts, lawyers and litigants.<\/span><\/p><p id=\"E429\"><span id=\"E430\" class=\"qowt-font3-Arial\">Because the complexity of an appeal often depends on the complexity of the lower court\u2019s decision, there are few metrics that can assist us in determining an appropriate fee. Accordingly, our general policy is to round up to the nearest ten pages to calculate the fee estimate.<\/span><span id=\"E431\" class=\"qowt-font3-Arial\"> This includes court filing fees but not the cost of obtaining any transcripts.<\/span><\/p><\/div>\n\t\t\t\t<\/div>\n\t\t\t\t\t\t\t\t<\/div>\n\t\t\t\t<\/div>\n\t\t\t\t<\/div>\n\t\t\t\t<div class=\"elementor-element elementor-element-9116f17 elementor-widget elementor-widget-heading\" data-id=\"9116f17\" data-element_type=\"widget\" data-widget_type=\"heading.default\">\n\t\t\t\t<div class=\"elementor-widget-container\">\n\t\t\t<h1 class=\"elementor-heading-title elementor-size-default\">Monthly Subscriptions<\/h1>\t\t<\/div>\n\t\t\t\t<\/div>\n\t\t\t\t<div class=\"elementor-element elementor-element-dfd6ce0 elementor-widget elementor-widget-toggle\" data-id=\"dfd6ce0\" data-element_type=\"widget\" data-widget_type=\"toggle.default\">\n\t\t\t\t<div class=\"elementor-widget-container\">\n\t\t\t\t\t<div class=\"elementor-toggle\">\n\t\t\t\t\t\t\t<div class=\"elementor-toggle-item\">\n\t\t\t\t\t<div id=\"elementor-tab-title-2341\" class=\"elementor-tab-title\" data-tab=\"1\" role=\"button\" aria-controls=\"elementor-tab-content-2341\" aria-expanded=\"false\">\n\t\t\t\t\t\t\t\t\t\t\t\t<span class=\"elementor-toggle-icon elementor-toggle-icon-right\" aria-hidden=\"true\">\n\t\t\t\t\t\t\t\t\t\t\t\t\t\t\t<span class=\"elementor-toggle-icon-closed\"><i class=\"fas fa-caret-right\"><\/i><\/span>\n\t\t\t\t\t\t\t\t<span class=\"elementor-toggle-icon-opened\"><i class=\"elementor-toggle-icon-opened fas fa-caret-up\"><\/i><\/span>\n\t\t\t\t\t\t\t\t\t\t\t\t\t<\/span>\n\t\t\t\t\t\t\t\t\t\t\t\t<a class=\"elementor-toggle-title\" tabindex=\"0\">Negotiating Settlement Lite Monthly Subscription $250<\/a>\n\t\t\t\t\t<\/div>\n\n\t\t\t\t\t<div id=\"elementor-tab-content-2341\" class=\"elementor-tab-content elementor-clearfix\" data-tab=\"1\" role=\"region\" aria-labelledby=\"elementor-tab-title-2341\"><div id=\"magicdomid4\" class=\"ace-line\"><span class=\"author-a-z76zz73zhg4drz87zz82z0z71zl6z73zz73zz68z\">Some matters can be settled relatively simply through one or more exchanges of correspondence. Our office strives to minimize back and forth communication and therefore costs incurred by our clients. We are usually able to achieve this by encouraging reasonable initial proposals and managing our clients\u2019 expectations. Unfortunately, we cannot control the responses or positions of opposing parties and therefore, do not recommend expending significant costs with correspondence between lawyers or the other party. Fees for negotiation are based on the number of exchanges in a given month<\/span><\/div><div id=\"magicdomid5\" class=\"ace-line\"><ul class=\"list-bullet2\"><li><span class=\"author-a-z76zz73zhg4drz87zz82z0z71zl6z73zz73zz68z b\"><b>Includes<\/b><\/span><span class=\"author-a-z76zz73zhg4drz87zz82z0z71zl6z73zz73zz68z\">\u00a0<\/span><span class=\"author-a-z76zz73zhg4drz87zz82z0z71zl6z73zz73zz68z b\"><b>4 \u201cCorrespondence Credits\u201d per month \u2013 redeemable for emails, letters, phone calls or the like, per each month of the subscription.<\/b><\/span><span class=\"author-a-z76zz73zhg4drz87zz82z0z71zl6z73zz73zz68z\">\u00a0These include correspondence with your lawyer, opposing party, the Court of Queen\u2019s Bench, or any third party that is involved in your family law matter starting immediately upon receipt of this signed Engagement Agreement.<\/span><\/li><\/ul><\/div><div id=\"magicdomid6\" class=\"ace-line\"><ul class=\"list-bullet2\"><li><span class=\"author-a-z76zz73zhg4drz87zz82z0z71zl6z73zz73zz68z\">Usage allotment will refresh monthly, balances will not carry forward and will expire at the end of each month and additional credit can be purchased for $62.50 each\u00a0<\/span><\/li><\/ul><\/div><div id=\"magicdomid7\" class=\"ace-line\"><ul class=\"list-bullet2\"><li><span class=\"author-a-z76zz73zhg4drz87zz82z0z71zl6z73zz73zz68z\">You have chosen our subscription model of payment, meaning that you will not be billed on an hourly basis nor receive a specific product offered by our office but general advice and routine communications through our office as we navigate through your legal matter. In the event the level of involvement exceeds the 4 correspondences, during any given month or another product or legal service is required, your lawyer will discuss additional fees or expenses before you receive any charges.\u00a0<\/span><\/li><\/ul><\/div><div id=\"magicdomid8\" class=\"ace-line\"><ul class=\"list-bullet2\"><li><span class=\"author-a-z76zz73zhg4drz87zz82z0z71zl6z73zz73zz68z\">You will be billed $250 at the beginning of each month for your monthly subscription.\u00a0\u00a0<\/span><\/li><\/ul><\/div><div id=\"magicdomid9\" class=\"ace-line\"><ul class=\"list-bullet2\"><li><span class=\"author-a-z76zz73zhg4drz87zz82z0z71zl6z73zz73zz68z\">If advance payment for your subscription is made billing will be the total amount set out in paragraph 3 divided by the total number of subscription months, in equal proportion with any remainder or remaining amount to be billed out in the final month.<\/span><\/li><\/ul><\/div><\/div>\n\t\t\t\t<\/div>\n\t\t\t\t\t\t\t<div class=\"elementor-toggle-item\">\n\t\t\t\t\t<div id=\"elementor-tab-title-2342\" class=\"elementor-tab-title\" data-tab=\"2\" role=\"button\" aria-controls=\"elementor-tab-content-2342\" aria-expanded=\"false\">\n\t\t\t\t\t\t\t\t\t\t\t\t<span class=\"elementor-toggle-icon elementor-toggle-icon-right\" aria-hidden=\"true\">\n\t\t\t\t\t\t\t\t\t\t\t\t\t\t\t<span class=\"elementor-toggle-icon-closed\"><i class=\"fas fa-caret-right\"><\/i><\/span>\n\t\t\t\t\t\t\t\t<span class=\"elementor-toggle-icon-opened\"><i class=\"elementor-toggle-icon-opened fas fa-caret-up\"><\/i><\/span>\n\t\t\t\t\t\t\t\t\t\t\t\t\t<\/span>\n\t\t\t\t\t\t\t\t\t\t\t\t<a class=\"elementor-toggle-title\" tabindex=\"0\">Negotiating Settlement Monthly Subscription $500<\/a>\n\t\t\t\t\t<\/div>\n\n\t\t\t\t\t<div id=\"elementor-tab-content-2342\" class=\"elementor-tab-content elementor-clearfix\" data-tab=\"2\" role=\"region\" aria-labelledby=\"elementor-tab-title-2342\"><div id=\"magicdomid13\" class=\"ace-line\"><span class=\"author-a-z76zz73zhg4drz87zz82z0z71zl6z73zz73zz68z\">Some matters can be settled relatively simply through one or more exchanges of correspondence. Our office strives to minimize back and forth communication and therefore costs incurred by our clients. We are usually able to achieve this by encouraging reasonable initial proposals and managing our clients\u2019 expectations. Unfortunately, we cannot control the responses or positions of opposing parties and therefore, do not recommend expending significant costs with correspondence between lawyers or the other party. Fees for negotiation are based on the number of exchanges in a given month<\/span><\/div><div id=\"magicdomid14\" class=\"ace-line\"><ul class=\"list-bullet2\"><li><span class=\"author-a-z76zz73zhg4drz87zz82z0z71zl6z73zz73zz68z b\"><b>Includes<\/b><\/span><span class=\"author-a-z76zz73zhg4drz87zz82z0z71zl6z73zz73zz68z\">\u00a0<\/span><span class=\"author-a-z76zz73zhg4drz87zz82z0z71zl6z73zz73zz68z b\"><b>10 \u201cCorrespondence Credits\u201d per month \u2013 redeemable for emails, letters, phone calls or the like, per each month of the subscription.<\/b><\/span><span class=\"author-a-z76zz73zhg4drz87zz82z0z71zl6z73zz73zz68z\">\u00a0These include correspondence with your lawyer, opposing party, the Court of Queen\u2019s Bench, or any third party that is involved in your family law matter starting immediately upon receipt of this signed Engagement Agreement.<\/span><\/li><\/ul><\/div><div id=\"magicdomid15\" class=\"ace-line\"><ul class=\"list-bullet2\"><li><span class=\"author-a-z76zz73zhg4drz87zz82z0z71zl6z73zz73zz68z\">Usage allotment will refresh monthly, balances will not carry forward and will expire at the end of each month and additional credit can be purchased for $50.00 each\u00a0<\/span><\/li><\/ul><\/div><div id=\"magicdomid16\" class=\"ace-line\"><ul class=\"list-bullet2\"><li><span class=\"author-a-z76zz73zhg4drz87zz82z0z71zl6z73zz73zz68z\">You have chosen our subscription model of payment, meaning that you will not be billed on an hourly basis nor receive a specific product offered by our office but general advice and routine communications through our office as we navigate through your legal matter. In the event the level of involvement exceeds the 4 correspondences, during any given month or another product or legal service is required, your lawyer will discuss additional fees or expenses before you receive any charges.\u00a0<\/span><\/li><\/ul><\/div><div id=\"magicdomid17\" class=\"ace-line\"><ul class=\"list-bullet2\"><li><span class=\"author-a-z76zz73zhg4drz87zz82z0z71zl6z73zz73zz68z\">You will be billed $500 at the beginning of each month for your monthly subscription.\u00a0\u00a0<\/span><\/li><\/ul><\/div><div id=\"magicdomid18\" class=\"ace-line\"><ul class=\"list-bullet2\"><li><span class=\"author-a-z76zz73zhg4drz87zz82z0z71zl6z73zz73zz68z\">If advance payment for your subscription is made billing will be the total amount set out in paragraph 3 divided by the total number of subscription months, in equal proportion with any remainder or remaining amount to be billed out in the final month.<\/span><\/li><\/ul><\/div><\/div>\n\t\t\t\t<\/div>\n\t\t\t\t\t\t\t\t<\/div>\n\t\t\t\t<\/div>\n\t\t\t\t<\/div>\n\t\t\t\t\t<\/div>\n\t\t<\/div>\n\t\t\t\t<div class=\"has_eae_slider elementor-column elementor-col-50 elementor-top-column elementor-element elementor-element-52c36a5\" data-id=\"52c36a5\" data-element_type=\"column\">\n\t\t\t<div class=\"elementor-widget-wrap elementor-element-populated\">\n\t\t\t\t\t\t\t\t<section class=\"has_eae_slider elementor-section elementor-inner-section elementor-element elementor-element-f62d086 elementor-section-boxed elementor-section-height-default elementor-section-height-default\" data-id=\"f62d086\" data-element_type=\"section\" data-settings=\"{&quot;sticky&quot;:&quot;top&quot;,&quot;sticky_parent&quot;:&quot;yes&quot;,&quot;sticky_offset&quot;:142,&quot;sticky_on&quot;:[&quot;desktop&quot;,&quot;tablet&quot;,&quot;mobile&quot;],&quot;sticky_effects_offset&quot;:0}\">\n\t\t\t\t\t\t<div class=\"elementor-container elementor-column-gap-default\">\n\t\t\t\t\t<div class=\"has_eae_slider elementor-column elementor-col-100 elementor-inner-column elementor-element elementor-element-f41b4de\" data-id=\"f41b4de\" data-element_type=\"column\">\n\t\t\t<div class=\"elementor-widget-wrap elementor-element-populated\">\n\t\t\t\t\t\t\t\t<div class=\"elementor-element elementor-element-ac38bbb elementor-widget elementor-widget-heading\" data-id=\"ac38bbb\" data-element_type=\"widget\" data-widget_type=\"heading.default\">\n\t\t\t\t<div class=\"elementor-widget-container\">\n\t\t\t<h1 class=\"elementor-heading-title elementor-size-default\">Book a 30 minute consult<\/h1>\t\t<\/div>\n\t\t\t\t<\/div>\n\t\t\t\t<div class=\"elementor-element elementor-element-f9caa46 elementor-widget elementor-widget-image\" data-id=\"f9caa46\" data-element_type=\"widget\" data-widget_type=\"image.default\">\n\t\t\t\t<div class=\"elementor-widget-container\">\n\t\t\t\t\t\t\t\t\t\t\t\t\t\t\t<img decoding=\"async\" width=\"450\" height=\"401\" src=\"https:\/\/evolvelaw.ca\/wp-content\/uploads\/2021\/05\/calendly_picture-450x401.png\" class=\"attachment-responsive-450 size-responsive-450 wp-image-4690\" alt=\"Flat rate booking\" srcset=\"https:\/\/evolvelaw.ca\/wp-content\/uploads\/2021\/05\/calendly_picture-450x401.png 450w, https:\/\/evolvelaw.ca\/wp-content\/uploads\/2021\/05\/calendly_picture-300x267.png 300w, https:\/\/evolvelaw.ca\/wp-content\/uploads\/2021\/05\/calendly_picture-768x684.png 768w, https:\/\/evolvelaw.ca\/wp-content\/uploads\/2021\/05\/calendly_picture-100x89.png 100w, https:\/\/evolvelaw.ca\/wp-content\/uploads\/2021\/05\/calendly_picture-150x134.png 150w, https:\/\/evolvelaw.ca\/wp-content\/uploads\/2021\/05\/calendly_picture-200x178.png 200w, https:\/\/evolvelaw.ca\/wp-content\/uploads\/2021\/05\/calendly_picture-600x534.png 600w, https:\/\/evolvelaw.ca\/wp-content\/uploads\/2021\/05\/calendly_picture.png 819w\" sizes=\"(max-width: 450px) 100vw, 450px\" \/>\t\t\t\t\t\t\t\t\t\t\t\t\t\t\t<\/div>\n\t\t\t\t<\/div>\n\t\t\t\t<div class=\"elementor-element elementor-element-bc5b0e1 elementor-align-center elementor-widget elementor-widget-button\" data-id=\"bc5b0e1\" data-element_type=\"widget\" data-widget_type=\"button.default\">\n\t\t\t\t<div class=\"elementor-widget-container\">\n\t\t\t\t\t<div class=\"elementor-button-wrapper\">\n\t\t\t<a class=\"elementor-button elementor-button-link elementor-size-sm\" href=\"http:\/\/www.intaker.com\/evolvelaw\/main\" target=\"_blank\" rel=\"noopener\">\n\t\t\t\t\t\t<span class=\"elementor-button-content-wrapper\">\n\t\t\t\t\t\t<span class=\"elementor-button-text\">New Client -  Click here to start<\/span>\n\t\t<\/span>\n\t\t\t\t\t<\/a>\n\t\t<\/div>\n\t\t\t\t<\/div>\n\t\t\t\t<\/div>\n\t\t\t\t\t<\/div>\n\t\t<\/div>\n\t\t\t\t\t\t\t<\/div>\n\t\t<\/section>\n\t\t\t\t\t<\/div>\n\t\t<\/div>\n\t\t\t\t\t\t\t<\/div>\n\t\t<\/section>\n\t\t\t\t<section class=\"has_eae_slider elementor-section elementor-top-section elementor-element elementor-element-19b626ac elementor-section-content-middle elementor-section-boxed elementor-section-height-default elementor-section-height-default\" data-id=\"19b626ac\" data-element_type=\"section\">\n\t\t\t\t\t\t<div class=\"elementor-container elementor-column-gap-no\">\n\t\t\t\t\t<div class=\"has_eae_slider elementor-column elementor-col-50 elementor-top-column elementor-element elementor-element-79d2a872\" data-id=\"79d2a872\" data-element_type=\"column\">\n\t\t\t<div class=\"elementor-widget-wrap elementor-element-populated\">\n\t\t\t\t\t\t\t\t<div class=\"elementor-element elementor-element-21eba087 elementor-widget elementor-widget-heading\" data-id=\"21eba087\" data-element_type=\"widget\" data-widget_type=\"heading.default\">\n\t\t\t\t<div class=\"elementor-widget-container\">\n\t\t\t<h5 class=\"elementor-heading-title elementor-size-default\">Flat Rate vs Hourly<\/h5>\t\t<\/div>\n\t\t\t\t<\/div>\n\t\t\t\t<div class=\"elementor-element elementor-element-1f87376e elementor-widget elementor-widget-text-editor\" data-id=\"1f87376e\" data-element_type=\"widget\" data-widget_type=\"text-editor.default\">\n\t\t\t\t<div class=\"elementor-widget-container\">\n\t\t\t\t\t\t\t<p>At Evolve Family Law we have completely eliminated the hourly rate in favour of flat or fixed fee billing. This has involved a shifting of the mindset from our lawyers in that our philosophy is we are not so much selling our time but rather our advice and legal services. Once we become familiar with your situation, our experienced lawyers are able to assess your circumstances (I.e. level of complexity, estimate of resources or costs required, prediction of time involved, etc.) to fix a flat rate for a given task or service.<\/p>\t\t\t\t\t\t<\/div>\n\t\t\t\t<\/div>\n\t\t\t\t\t<\/div>\n\t\t<\/div>\n\t\t\t\t<div class=\"has_eae_slider elementor-column elementor-col-50 elementor-top-column elementor-element elementor-element-3994cb64\" data-id=\"3994cb64\" data-element_type=\"column\">\n\t\t\t<div class=\"elementor-widget-wrap elementor-element-populated\">\n\t\t\t\t\t\t\t\t<div class=\"elementor-element elementor-element-17619bb9 elementor-widget elementor-widget-toggle\" data-id=\"17619bb9\" data-element_type=\"widget\" data-widget_type=\"toggle.default\">\n\t\t\t\t<div class=\"elementor-widget-container\">\n\t\t\t\t\t<div class=\"elementor-toggle\">\n\t\t\t\t\t\t\t<div class=\"elementor-toggle-item\">\n\t\t\t\t\t<div id=\"elementor-tab-title-3921\" class=\"elementor-tab-title\" data-tab=\"1\" role=\"button\" aria-controls=\"elementor-tab-content-3921\" aria-expanded=\"false\">\n\t\t\t\t\t\t\t\t\t\t\t\t<span class=\"elementor-toggle-icon elementor-toggle-icon-right\" aria-hidden=\"true\">\n\t\t\t\t\t\t\t\t\t\t\t\t\t\t\t<span class=\"elementor-toggle-icon-closed\"><i class=\"fas fa-caret-right\"><\/i><\/span>\n\t\t\t\t\t\t\t\t<span class=\"elementor-toggle-icon-opened\"><i class=\"elementor-toggle-icon-opened fas fa-caret-up\"><\/i><\/span>\n\t\t\t\t\t\t\t\t\t\t\t\t\t<\/span>\n\t\t\t\t\t\t\t\t\t\t\t\t<a class=\"elementor-toggle-title\" tabindex=\"0\">What are unbundled legal services?<\/a>\n\t\t\t\t\t<\/div>\n\n\t\t\t\t\t<div id=\"elementor-tab-content-3921\" class=\"elementor-tab-content elementor-clearfix\" data-tab=\"1\" role=\"region\" aria-labelledby=\"elementor-tab-title-3921\"><div>Unbundling legal services, where a lawyer provides legal services for part of a client\u2019s legal matter, allows clients to access more affordable legal services.<\/div><div>It has the potential to remove barriers to access to justice for people who cannot afford a lawyer\u2019s retainer, but need some legal help. Unbundling allows clients and lawyers to decide which tasks are performed by the client and which are performed by the lawyer. Unbundled legal services are especially helpful to self-represented litigants, who often are not self-represented by choice, but are unable to afford to retain legal counsel. It remains very difficult for self-represented litigants to find a lawyer who offers unbundled services.\u201d &#8211; Law Society of BC<\/div><\/div>\n\t\t\t\t<\/div>\n\t\t\t\t\t\t\t<div class=\"elementor-toggle-item\">\n\t\t\t\t\t<div id=\"elementor-tab-title-3922\" class=\"elementor-tab-title\" data-tab=\"2\" role=\"button\" aria-controls=\"elementor-tab-content-3922\" aria-expanded=\"false\">\n\t\t\t\t\t\t\t\t\t\t\t\t<span class=\"elementor-toggle-icon elementor-toggle-icon-right\" aria-hidden=\"true\">\n\t\t\t\t\t\t\t\t\t\t\t\t\t\t\t<span class=\"elementor-toggle-icon-closed\"><i class=\"fas fa-caret-right\"><\/i><\/span>\n\t\t\t\t\t\t\t\t<span class=\"elementor-toggle-icon-opened\"><i class=\"elementor-toggle-icon-opened fas fa-caret-up\"><\/i><\/span>\n\t\t\t\t\t\t\t\t\t\t\t\t\t<\/span>\n\t\t\t\t\t\t\t\t\t\t\t\t<a class=\"elementor-toggle-title\" tabindex=\"0\">Evolve Family Law unbundled services<\/a>\n\t\t\t\t\t<\/div>\n\n\t\t\t\t\t<div id=\"elementor-tab-content-3922\" class=\"elementor-tab-content elementor-clearfix\" data-tab=\"2\" role=\"region\" aria-labelledby=\"elementor-tab-title-3922\"><p>We offer unbundled services but not in the traditional meaning of the phrase. Although our unbundling is intended to add to the value and affordability of the services we provide, unbundling is not intended to assist our clients with representing themselves (although they are certainly able to do so along the way). Instead, it is intended as a means to fix our flat rates (as oppose to charging hourly fees) for each step along the way increasing the predictability of our clients\u2019 legal costs and permitting them an opportunity to thoroughly consider the costs and risk-factors of each step they take on their legal journey before they actually take that step.<\/p><\/div>\n\t\t\t\t<\/div>\n\t\t\t\t\t\t\t<div class=\"elementor-toggle-item\">\n\t\t\t\t\t<div id=\"elementor-tab-title-3923\" class=\"elementor-tab-title\" data-tab=\"3\" role=\"button\" aria-controls=\"elementor-tab-content-3923\" aria-expanded=\"false\">\n\t\t\t\t\t\t\t\t\t\t\t\t<span class=\"elementor-toggle-icon elementor-toggle-icon-right\" aria-hidden=\"true\">\n\t\t\t\t\t\t\t\t\t\t\t\t\t\t\t<span class=\"elementor-toggle-icon-closed\"><i class=\"fas fa-caret-right\"><\/i><\/span>\n\t\t\t\t\t\t\t\t<span class=\"elementor-toggle-icon-opened\"><i class=\"elementor-toggle-icon-opened fas fa-caret-up\"><\/i><\/span>\n\t\t\t\t\t\t\t\t\t\t\t\t\t<\/span>\n\t\t\t\t\t\t\t\t\t\t\t\t<a class=\"elementor-toggle-title\" tabindex=\"0\">How do I start?<\/a>\n\t\t\t\t\t<\/div>\n\n\t\t\t\t\t<div id=\"elementor-tab-content-3923\" class=\"elementor-tab-content elementor-clearfix\" data-tab=\"3\" role=\"region\" aria-labelledby=\"elementor-tab-title-3923\"><p>Typically, we suggest scheduling a telephone call with one of our lawyers. Prior to the call, you will be asked to provide some background information to assist the lawyer when he calls.<\/p><p>During the call, your immediate questions and concerns will be addressed and general advice as it pertains to your situation will be provided. The lawyer will then present a number of options available to you such that your first lengthy and meaningful meeting with the lawyer will occur with the matter already moving forward and making progress.<\/p><p>Of course, for more complicated matters or where a prospective clients desires a greater degree of attention before deciding how to proceed, 45-90 minute meetings are offered for a flat rate of $500.<\/p><\/div>\n\t\t\t\t<\/div>\n\t\t\t\t\t\t\t\t<\/div>\n\t\t\t\t<\/div>\n\t\t\t\t<\/div>\n\t\t\t\t\t<\/div>\n\t\t<\/div>\n\t\t\t\t\t\t\t<\/div>\n\t\t<\/section>\n\t\t\t\t<section class=\"has_eae_slider elementor-section elementor-top-section elementor-element elementor-element-2df94bb elementor-section-content-middle elementor-section-height-min-height elementor-section-full_width elementor-section-height-default elementor-section-items-middle elementor-invisible\" data-id=\"2df94bb\" data-element_type=\"section\" data-settings=\"{&quot;animation&quot;:&quot;fadeInLeft&quot;}\">\n\t\t\t\t\t\t<div class=\"elementor-container elementor-column-gap-no\">\n\t\t\t\t\t<div class=\"has_eae_slider elementor-column elementor-col-100 elementor-top-column elementor-element elementor-element-6924a3a\" data-id=\"6924a3a\" data-element_type=\"column\" data-settings=\"{&quot;background_background&quot;:&quot;classic&quot;}\">\n\t\t\t<div class=\"elementor-widget-wrap elementor-element-populated\">\n\t\t\t\t\t\t\t\t<div class=\"elementor-element elementor-element-2b19fad elementor-invisible elementor-widget elementor-widget-alert\" data-id=\"2b19fad\" data-element_type=\"widget\" data-settings=\"{&quot;_animation&quot;:&quot;fadeInLeft&quot;}\" data-widget_type=\"alert.default\">\n\t\t\t\t<div class=\"elementor-widget-container\">\n\t\t\t\t\t<div class=\"elementor-alert elementor-alert-info\" role=\"alert\">\n\t\t\t<span class=\"elementor-alert-title\">Price List Disclaimer<\/span>\n\t\t\t\t\t\t\t<span class=\"elementor-alert-description\">Although we strive to provide certainty for clients with flat rate billing and fixed fees, occasionally circumstances may require a departure from flat or fixed fees. When that is the case, our goal is to provide as accurate of an estimate as is possible so you can assess the path you wish to pursue. We reserve the right to depart from the stated prices at any point in the process but will do our best to provide plenty of notice when that is anticipated. In some instances, where circumstances dictate, we may increase the guideline prices which were designed for standard or routine cases, not more complex or complicated matters.<\/span>\n\t\t\t\t\t\t\t\t\t\t<button type=\"button\" class=\"elementor-alert-dismiss\">\n\t\t\t\t\t\t\t\t\t\t\t<span aria-hidden=\"true\">&times;<\/span>\n\t\t\t\t\t\t\t\t\t\t<span class=\"elementor-screen-only\">Dismiss this alert.<\/span>\n\t\t\t\t<\/button>\n\t\t\t\t\t<\/div>\n\t\t\t\t<\/div>\n\t\t\t\t<\/div>\n\t\t\t\t\t<\/div>\n\t\t<\/div>\n\t\t\t\t\t\t\t<\/div>\n\t\t<\/section>\n\t\t\t\t\t\t\t<\/div>\n\t\t","protected":false},"excerpt":{"rendered":"<p>FLAT RATE PRICE LIST Consultations Prior to determining what options are available to you in order to move your family law issue forward, it is often necessary to speak with one of our lawyers to get direction, information and advice. &hellip;<\/p>\n<p class=\"read-more\"> <a class=\"more-link\" href=\"https:\/\/evolvelaw.ca\/pricing\/\"> <span class=\"screen-reader-text\">Pricing<\/span> Read More &raquo;<\/a><\/p>\n","protected":false},"author":1,"featured_media":0,"parent":0,"menu_order":0,"comment_status":"closed","ping_status":"closed","template":"gutenberg-fullwidth.php","meta":{"footnotes":""},"_links":{"self":[{"href":"https:\/\/evolvelaw.ca\/wp-json\/wp\/v2\/pages\/37"}],"collection":[{"href":"https:\/\/evolvelaw.ca\/wp-json\/wp\/v2\/pages"}],"about":[{"href":"https:\/\/evolvelaw.ca\/wp-json\/wp\/v2\/types\/page"}],"author":[{"embeddable":true,"href":"https:\/\/evolvelaw.ca\/wp-json\/wp\/v2\/users\/1"}],"replies":[{"embeddable":true,"href":"https:\/\/evolvelaw.ca\/wp-json\/wp\/v2\/comments?post=37"}],"version-history":[{"count":5,"href":"https:\/\/evolvelaw.ca\/wp-json\/wp\/v2\/pages\/37\/revisions"}],"predecessor-version":[{"id":10154,"href":"https:\/\/evolvelaw.ca\/wp-json\/wp\/v2\/pages\/37\/revisions\/10154"}],"wp:attachment":[{"href":"https:\/\/evolvelaw.ca\/wp-json\/wp\/v2\/media?parent=37"}],"curies":[{"name":"wp","href":"https:\/\/api.w.org\/{rel}","templated":true}]}}