{"id":3883,"date":"2021-04-14T15:27:31","date_gmt":"2021-04-14T21:27:31","guid":{"rendered":"https:\/\/evolvelaw.ca\/?page_id=3883"},"modified":"2023-08-28T14:46:07","modified_gmt":"2023-08-28T20:46:07","slug":"blog","status":"publish","type":"page","link":"https:\/\/evolvelaw.ca\/blog\/","title":{"rendered":"Blog"},"content":{"rendered":"\t\t<div data-elementor-type=\"wp-page\" data-elementor-id=\"3883\" class=\"elementor elementor-3883\" data-elementor-post-type=\"page\">\n\t\t\t\t\t\t\t\t\t<section class=\"has_eae_slider elementor-section elementor-top-section elementor-element elementor-element-1f2d2bca elementor-section-height-min-height elementor-section-content-middle elementor-section-boxed elementor-section-height-default elementor-section-items-middle\" data-id=\"1f2d2bca\" data-element_type=\"section\" data-settings=\"{&quot;background_background&quot;:&quot;classic&quot;}\">\n\t\t\t\t\t\t\t<div class=\"elementor-background-overlay\"><\/div>\n\t\t\t\t\t\t\t<div class=\"elementor-container elementor-column-gap-default\">\n\t\t\t\t\t<div class=\"has_eae_slider elementor-column elementor-col-100 elementor-top-column elementor-element elementor-element-1d133f96\" data-id=\"1d133f96\" data-element_type=\"column\">\n\t\t\t<div class=\"elementor-widget-wrap elementor-element-populated\">\n\t\t\t\t\t\t\t\t<div class=\"elementor-element elementor-element-724189fd elementor-widget elementor-widget-heading\" data-id=\"724189fd\" data-element_type=\"widget\" data-widget_type=\"heading.default\">\n\t\t\t\t<div class=\"elementor-widget-container\">\n\t\t\t<h5 class=\"elementor-heading-title elementor-size-default\">Family Law<\/h5>\t\t<\/div>\n\t\t\t\t<\/div>\n\t\t\t\t<div class=\"elementor-element elementor-element-1485c62c elementor-widget elementor-widget-heading\" data-id=\"1485c62c\" data-element_type=\"widget\" data-widget_type=\"heading.default\">\n\t\t\t\t<div class=\"elementor-widget-container\">\n\t\t\t<h2 class=\"elementor-heading-title elementor-size-default\">Blog &amp; News<\/h2>\t\t<\/div>\n\t\t\t\t<\/div>\n\t\t\t\t\t<\/div>\n\t\t<\/div>\n\t\t\t\t\t\t\t<\/div>\n\t\t<\/section>\n\t\t\t\t<section class=\"has_eae_slider elementor-section elementor-top-section elementor-element elementor-element-ee82100 elementor-section-boxed elementor-section-height-default elementor-section-height-default\" data-id=\"ee82100\" data-element_type=\"section\">\n\t\t\t\t\t\t<div class=\"elementor-container elementor-column-gap-default\">\n\t\t\t\t\t<div class=\"has_eae_slider elementor-column elementor-col-100 elementor-top-column elementor-element elementor-element-256c09a\" data-id=\"256c09a\" data-element_type=\"column\">\n\t\t\t<div class=\"elementor-widget-wrap elementor-element-populated\">\n\t\t\t\t\t\t\t\t<div class=\"elementor-element elementor-element-48d4fcd elementor-widget elementor-widget-heading\" data-id=\"48d4fcd\" data-element_type=\"widget\" data-widget_type=\"heading.default\">\n\t\t\t\t<div class=\"elementor-widget-container\">\n\t\t\t<h2 class=\"elementor-heading-title elementor-size-default\">Featured Articles<\/h2>\t\t<\/div>\n\t\t\t\t<\/div>\n\t\t\t\t\t<\/div>\n\t\t<\/div>\n\t\t\t\t\t\t\t<\/div>\n\t\t<\/section>\n\t\t\t\t<section class=\"has_eae_slider elementor-section elementor-top-section elementor-element elementor-element-04c7227 elementor-section-boxed elementor-section-height-default elementor-section-height-default\" data-id=\"04c7227\" data-element_type=\"section\">\n\t\t\t\t\t\t<div class=\"elementor-container elementor-column-gap-default\">\n\t\t\t\t\t<div class=\"has_eae_slider elementor-column elementor-col-100 elementor-top-column elementor-element elementor-element-0c75017\" data-id=\"0c75017\" data-element_type=\"column\">\n\t\t\t<div class=\"elementor-widget-wrap elementor-element-populated\">\n\t\t\t\t\t\t\t\t<div class=\"elementor-element elementor-element-7876878 elementor-grid-2 elementor-grid-tablet-2 elementor-grid-mobile-1 elementor-posts--thumbnail-top elementor-card-shadow-yes elementor-posts__hover-gradient elementor-widget elementor-widget-posts\" data-id=\"7876878\" data-element_type=\"widget\" data-settings=\"{&quot;cards_columns&quot;:&quot;2&quot;,&quot;cards_columns_tablet&quot;:&quot;2&quot;,&quot;cards_columns_mobile&quot;:&quot;1&quot;,&quot;cards_row_gap&quot;:{&quot;unit&quot;:&quot;px&quot;,&quot;size&quot;:35,&quot;sizes&quot;:[]},&quot;cards_row_gap_tablet&quot;:{&quot;unit&quot;:&quot;px&quot;,&quot;size&quot;:&quot;&quot;,&quot;sizes&quot;:[]},&quot;cards_row_gap_mobile&quot;:{&quot;unit&quot;:&quot;px&quot;,&quot;size&quot;:&quot;&quot;,&quot;sizes&quot;:[]}}\" data-widget_type=\"posts.cards\">\n\t\t\t\t<div class=\"elementor-widget-container\">\n\t\t\t\t\t<div class=\"elementor-posts-container elementor-posts elementor-posts--skin-cards elementor-grid\">\n\t\t\t\t<article class=\"elementor-post elementor-grid-item post-10555 post type-post status-publish format-standard has-post-thumbnail hentry category-uncategorized\">\n\t\t\t<div class=\"elementor-post__card\">\n\t\t\t\t<a class=\"elementor-post__thumbnail__link\" href=\"https:\/\/evolvelaw.ca\/family-matter-checklists\/\" tabindex=\"-1\"><div class=\"elementor-post__thumbnail\"><img width=\"300\" height=\"179\" src=\"https:\/\/evolvelaw.ca\/wp-content\/uploads\/2022\/07\/NPT-4-300x179.png\" class=\"attachment-medium size-medium wp-image-9994\" alt=\"\" decoding=\"async\" srcset=\"https:\/\/evolvelaw.ca\/wp-content\/uploads\/2022\/07\/NPT-4-300x179.png 300w, https:\/\/evolvelaw.ca\/wp-content\/uploads\/2022\/07\/NPT-4-1024x610.png 1024w, https:\/\/evolvelaw.ca\/wp-content\/uploads\/2022\/07\/NPT-4-768x457.png 768w, https:\/\/evolvelaw.ca\/wp-content\/uploads\/2022\/07\/NPT-4-100x60.png 100w, https:\/\/evolvelaw.ca\/wp-content\/uploads\/2022\/07\/NPT-4-150x89.png 150w, https:\/\/evolvelaw.ca\/wp-content\/uploads\/2022\/07\/NPT-4-200x119.png 200w, https:\/\/evolvelaw.ca\/wp-content\/uploads\/2022\/07\/NPT-4-450x268.png 450w, https:\/\/evolvelaw.ca\/wp-content\/uploads\/2022\/07\/NPT-4-600x357.png 600w, https:\/\/evolvelaw.ca\/wp-content\/uploads\/2022\/07\/NPT-4-900x536.png 900w, https:\/\/evolvelaw.ca\/wp-content\/uploads\/2022\/07\/NPT-4.png 1201w\" sizes=\"(max-width: 300px) 100vw, 300px\" \/><\/div><\/a>\n\t\t\t\t<div class=\"elementor-post__text\">\n\t\t\t\t<h3 class=\"elementor-post__title\">\n\t\t\t<a href=\"https:\/\/evolvelaw.ca\/family-matter-checklists\/\">\n\t\t\t\tHow We Use Checklists to Help Those With Family Issues through Tough Times\t\t\t<\/a>\n\t\t<\/h3>\n\t\t\t\t<div class=\"elementor-post__excerpt\">\n\t\t\t<p>These checklists can help you focus on getting some of the important to-dos done during a family matter. &#8220;Providing people with the information they need is what we do. We&#8217;re here to help.&#8221; At Evolve Family Law, we&#8217;ve put together<\/p>\n\t\t<\/div>\n\t\t\n\t\t<a class=\"elementor-post__read-more\" href=\"https:\/\/evolvelaw.ca\/family-matter-checklists\/\" aria-label=\"Read more about How We Use Checklists to Help Those With Family Issues through Tough Times\" tabindex=\"-1\">\n\t\t\tRead More \u00bb\t\t<\/a>\n\n\t\t\t\t<\/div>\n\t\t\t\t<div class=\"elementor-post__meta-data\">\n\t\t\t\t\t<span class=\"elementor-post-date\">\n\t\t\tJuly 19, 2023\t\t<\/span>\n\t\t\t\t<span class=\"elementor-post-avatar\">\n\t\t\tNo Comments\t\t<\/span>\n\t\t\t\t<\/div>\n\t\t\t\t\t<\/div>\n\t\t<\/article>\n\t\t\t\t<article class=\"elementor-post elementor-grid-item post-10524 post type-post status-publish format-standard has-post-thumbnail hentry category-uncategorized\">\n\t\t\t<div class=\"elementor-post__card\">\n\t\t\t\t<a class=\"elementor-post__thumbnail__link\" href=\"https:\/\/evolvelaw.ca\/checklists-and-productivity\/\" tabindex=\"-1\"><div class=\"elementor-post__thumbnail\"><img width=\"236\" height=\"300\" src=\"https:\/\/evolvelaw.ca\/wp-content\/uploads\/2022\/06\/questionnaire-online-236x300.png\" class=\"attachment-medium size-medium wp-image-9389\" alt=\"\" decoding=\"async\" srcset=\"https:\/\/evolvelaw.ca\/wp-content\/uploads\/2022\/06\/questionnaire-online-236x300.png 236w, https:\/\/evolvelaw.ca\/wp-content\/uploads\/2022\/06\/questionnaire-online-100x127.png 100w, https:\/\/evolvelaw.ca\/wp-content\/uploads\/2022\/06\/questionnaire-online-150x190.png 150w, https:\/\/evolvelaw.ca\/wp-content\/uploads\/2022\/06\/questionnaire-online-200x254.png 200w, https:\/\/evolvelaw.ca\/wp-content\/uploads\/2022\/06\/questionnaire-online.png 301w\" sizes=\"(max-width: 236px) 100vw, 236px\" \/><\/div><\/a>\n\t\t\t\t<div class=\"elementor-post__text\">\n\t\t\t\t<h3 class=\"elementor-post__title\">\n\t\t\t<a href=\"https:\/\/evolvelaw.ca\/checklists-and-productivity\/\">\n\t\t\t\tHow Checklists can Increase Productivity and Reduce Stress\t\t\t<\/a>\n\t\t<\/h3>\n\t\t\t\t<div class=\"elementor-post__excerpt\">\n\t\t\t<p>Checklist Use and How to Apply it to Divorce and Separation &#8220;Setting a list of tasks to complete helps individuals look towards goals and less at their problems.&#8221; &#8220;The Checklist Manifesto&#8221; written by Atul Gawande, a surgeon and writer, explores<\/p>\n\t\t<\/div>\n\t\t\n\t\t<a class=\"elementor-post__read-more\" href=\"https:\/\/evolvelaw.ca\/checklists-and-productivity\/\" aria-label=\"Read more about How Checklists can Increase Productivity and Reduce Stress\" tabindex=\"-1\">\n\t\t\tRead More \u00bb\t\t<\/a>\n\n\t\t\t\t<\/div>\n\t\t\t\t<div class=\"elementor-post__meta-data\">\n\t\t\t\t\t<span class=\"elementor-post-date\">\n\t\t\tJune 30, 2023\t\t<\/span>\n\t\t\t\t<span class=\"elementor-post-avatar\">\n\t\t\tNo Comments\t\t<\/span>\n\t\t\t\t<\/div>\n\t\t\t\t\t<\/div>\n\t\t<\/article>\n\t\t\t\t<article class=\"elementor-post elementor-grid-item post-10192 post type-post status-publish format-standard has-post-thumbnail hentry category-uncategorized\">\n\t\t\t<div class=\"elementor-post__card\">\n\t\t\t\t<a class=\"elementor-post__thumbnail__link\" href=\"https:\/\/evolvelaw.ca\/evolve-family-law-property-statements-w-petitions\/\" tabindex=\"-1\"><div class=\"elementor-post__thumbnail\"><img width=\"300\" height=\"300\" src=\"https:\/\/evolvelaw.ca\/wp-content\/uploads\/2022\/09\/Transparent-Logo-2-300x300.png\" class=\"attachment-medium size-medium wp-image-10067\" alt=\"\" decoding=\"async\" srcset=\"https:\/\/evolvelaw.ca\/wp-content\/uploads\/2022\/09\/Transparent-Logo-2-300x300.png 300w, https:\/\/evolvelaw.ca\/wp-content\/uploads\/2022\/09\/Transparent-Logo-2-1024x1024.png 1024w, https:\/\/evolvelaw.ca\/wp-content\/uploads\/2022\/09\/Transparent-Logo-2-150x150.png 150w\" sizes=\"(max-width: 300px) 100vw, 300px\" \/><\/div><\/a>\n\t\t\t\t<div class=\"elementor-post__text\">\n\t\t\t\t<h3 class=\"elementor-post__title\">\n\t\t\t<a href=\"https:\/\/evolvelaw.ca\/evolve-family-law-property-statements-w-petitions\/\">\n\t\t\t\tGood Legal Experiences &#8211; Why We Do Not Include Valuations on Property Statements with Petitions\t\t\t<\/a>\n\t\t<\/h3>\n\t\t\t\t<div class=\"elementor-post__excerpt\">\n\t\t\t<p>Property Statements without Values &#8220;While working with a client, we attempt to ensure that everything we do is geared to provide a positive experience with the judicial system.&#8221; Our office has determined it would be inappropriate to include values in<\/p>\n\t\t<\/div>\n\t\t\n\t\t<a class=\"elementor-post__read-more\" href=\"https:\/\/evolvelaw.ca\/evolve-family-law-property-statements-w-petitions\/\" aria-label=\"Read more about Good Legal Experiences &#8211; Why We Do Not Include Valuations on Property Statements with Petitions\" tabindex=\"-1\">\n\t\t\tRead More \u00bb\t\t<\/a>\n\n\t\t\t\t<\/div>\n\t\t\t\t<div class=\"elementor-post__meta-data\">\n\t\t\t\t\t<span class=\"elementor-post-date\">\n\t\t\tFebruary 3, 2023\t\t<\/span>\n\t\t\t\t<span class=\"elementor-post-avatar\">\n\t\t\tNo Comments\t\t<\/span>\n\t\t\t\t<\/div>\n\t\t\t\t\t<\/div>\n\t\t<\/article>\n\t\t\t\t<article class=\"elementor-post elementor-grid-item post-9996 post type-post status-publish format-standard has-post-thumbnail hentry category-uncategorized\">\n\t\t\t<div class=\"elementor-post__card\">\n\t\t\t\t<a class=\"elementor-post__thumbnail__link\" href=\"https:\/\/evolvelaw.ca\/nps\/\" tabindex=\"-1\"><div class=\"elementor-post__thumbnail\"><img width=\"300\" height=\"179\" src=\"https:\/\/evolvelaw.ca\/wp-content\/uploads\/2022\/07\/NPT-4-300x179.png\" class=\"attachment-medium size-medium wp-image-9994\" alt=\"\" decoding=\"async\" srcset=\"https:\/\/evolvelaw.ca\/wp-content\/uploads\/2022\/07\/NPT-4-300x179.png 300w, https:\/\/evolvelaw.ca\/wp-content\/uploads\/2022\/07\/NPT-4-1024x610.png 1024w, https:\/\/evolvelaw.ca\/wp-content\/uploads\/2022\/07\/NPT-4-768x457.png 768w, https:\/\/evolvelaw.ca\/wp-content\/uploads\/2022\/07\/NPT-4-100x60.png 100w, https:\/\/evolvelaw.ca\/wp-content\/uploads\/2022\/07\/NPT-4-150x89.png 150w, https:\/\/evolvelaw.ca\/wp-content\/uploads\/2022\/07\/NPT-4-200x119.png 200w, https:\/\/evolvelaw.ca\/wp-content\/uploads\/2022\/07\/NPT-4-450x268.png 450w, https:\/\/evolvelaw.ca\/wp-content\/uploads\/2022\/07\/NPT-4-600x357.png 600w, https:\/\/evolvelaw.ca\/wp-content\/uploads\/2022\/07\/NPT-4-900x536.png 900w, https:\/\/evolvelaw.ca\/wp-content\/uploads\/2022\/07\/NPT-4.png 1201w\" sizes=\"(max-width: 300px) 100vw, 300px\" \/><\/div><\/a>\n\t\t\t\t<div class=\"elementor-post__text\">\n\t\t\t\t<h3 class=\"elementor-post__title\">\n\t\t\t<a href=\"https:\/\/evolvelaw.ca\/nps\/\">\n\t\t\t\tEvolve Family Law Net Promoter Scores\t\t\t<\/a>\n\t\t<\/h3>\n\t\t\t\t<div class=\"elementor-post__excerpt\">\n\t\t\t<p>What Is A Good NPS? The lawyers I have were great. They kept me notified on everything that was going on. Very informative and clear with explaining things to me. Anonymous At Evolve Law, we are diligent about improving our<\/p>\n\t\t<\/div>\n\t\t\n\t\t<a class=\"elementor-post__read-more\" href=\"https:\/\/evolvelaw.ca\/nps\/\" aria-label=\"Read more about Evolve Family Law Net Promoter Scores\" tabindex=\"-1\">\n\t\t\tRead More \u00bb\t\t<\/a>\n\n\t\t\t\t<\/div>\n\t\t\t\t<div class=\"elementor-post__meta-data\">\n\t\t\t\t\t<span class=\"elementor-post-date\">\n\t\t\tJuly 28, 2022\t\t<\/span>\n\t\t\t\t<span class=\"elementor-post-avatar\">\n\t\t\tNo Comments\t\t<\/span>\n\t\t\t\t<\/div>\n\t\t\t\t\t<\/div>\n\t\t<\/article>\n\t\t\t\t<article class=\"elementor-post elementor-grid-item post-9151 post type-post status-publish format-standard has-post-thumbnail hentry category-uncategorized\">\n\t\t\t<div class=\"elementor-post__card\">\n\t\t\t\t<a class=\"elementor-post__thumbnail__link\" href=\"https:\/\/evolvelaw.ca\/common-law-relationship\/\" tabindex=\"-1\"><div class=\"elementor-post__thumbnail\"><img width=\"300\" height=\"189\" src=\"https:\/\/evolvelaw.ca\/wp-content\/uploads\/2022\/05\/common-law-post-1-300x189.png\" class=\"attachment-medium size-medium wp-image-9162\" alt=\"common-law relationship\" decoding=\"async\" srcset=\"https:\/\/evolvelaw.ca\/wp-content\/uploads\/2022\/05\/common-law-post-1-300x189.png 300w, https:\/\/evolvelaw.ca\/wp-content\/uploads\/2022\/05\/common-law-post-1-1024x645.png 1024w, https:\/\/evolvelaw.ca\/wp-content\/uploads\/2022\/05\/common-law-post-1-768x484.png 768w, https:\/\/evolvelaw.ca\/wp-content\/uploads\/2022\/05\/common-law-post-1-1536x968.png 1536w, https:\/\/evolvelaw.ca\/wp-content\/uploads\/2022\/05\/common-law-post-1-100x63.png 100w, https:\/\/evolvelaw.ca\/wp-content\/uploads\/2022\/05\/common-law-post-1-150x95.png 150w, https:\/\/evolvelaw.ca\/wp-content\/uploads\/2022\/05\/common-law-post-1-200x126.png 200w, https:\/\/evolvelaw.ca\/wp-content\/uploads\/2022\/05\/common-law-post-1-450x284.png 450w, https:\/\/evolvelaw.ca\/wp-content\/uploads\/2022\/05\/common-law-post-1-600x378.png 600w, https:\/\/evolvelaw.ca\/wp-content\/uploads\/2022\/05\/common-law-post-1-900x567.png 900w, https:\/\/evolvelaw.ca\/wp-content\/uploads\/2022\/05\/common-law-post-1.png 2000w\" sizes=\"(max-width: 300px) 100vw, 300px\" \/><\/div><\/a>\n\t\t\t\t<div class=\"elementor-post__text\">\n\t\t\t\t<h3 class=\"elementor-post__title\">\n\t\t\t<a href=\"https:\/\/evolvelaw.ca\/common-law-relationship\/\">\n\t\t\t\tAM I IN A COMMON-LAW RELATIONSHIP AFTER 2 YEARS LIVING TOGETHER?\t\t\t<\/a>\n\t\t<\/h3>\n\t\t\t\t<div class=\"elementor-post__excerpt\">\n\t\t\t<p>One of our most common \u201cfrequently asked questions\u201d are questions surrounding common-law relationships. Am I in a common-law relationship? What exactly is a common-law relationship? How does being in a common-law relationship differ from being married? This article provides some<\/p>\n\t\t<\/div>\n\t\t\n\t\t<a class=\"elementor-post__read-more\" href=\"https:\/\/evolvelaw.ca\/common-law-relationship\/\" aria-label=\"Read more about AM I IN A COMMON-LAW RELATIONSHIP AFTER 2 YEARS LIVING TOGETHER?\" tabindex=\"-1\">\n\t\t\tRead More \u00bb\t\t<\/a>\n\n\t\t\t\t<\/div>\n\t\t\t\t<div class=\"elementor-post__meta-data\">\n\t\t\t\t\t<span class=\"elementor-post-date\">\n\t\t\tMay 17, 2022\t\t<\/span>\n\t\t\t\t<span class=\"elementor-post-avatar\">\n\t\t\tNo Comments\t\t<\/span>\n\t\t\t\t<\/div>\n\t\t\t\t\t<\/div>\n\t\t<\/article>\n\t\t\t\t<article class=\"elementor-post elementor-grid-item post-8446 post type-post status-publish format-standard has-post-thumbnail hentry category-uncategorized\">\n\t\t\t<div class=\"elementor-post__card\">\n\t\t\t\t<a class=\"elementor-post__thumbnail__link\" href=\"https:\/\/evolvelaw.ca\/why-consider-prenuptial-agreement\/\" tabindex=\"-1\"><div class=\"elementor-post__thumbnail\"><img width=\"300\" height=\"225\" src=\"https:\/\/evolvelaw.ca\/wp-content\/uploads\/2022\/02\/pexels-pixabay-261621-scaled.webp\" class=\"attachment-medium size-medium wp-image-8454\" alt=\"prenuptial agreement\" decoding=\"async\" \/><\/div><\/a>\n\t\t\t\t<div class=\"elementor-post__text\">\n\t\t\t\t<h3 class=\"elementor-post__title\">\n\t\t\t<a href=\"https:\/\/evolvelaw.ca\/why-consider-prenuptial-agreement\/\">\n\t\t\t\tJust Got Engaged? Top 10 Reasons Why You Should Consider A Prenuptial Agreement\t\t\t<\/a>\n\t\t<\/h3>\n\t\t\t\t<div class=\"elementor-post__excerpt\">\n\t\t\t<p>With the Holiday season in the not-so-distant past, and the unmistakable glow of romance in the air surrounding Valentines Day, you may have recently taken the next step with your partner and gotten engaged. If you did, congratulations on your<\/p>\n\t\t<\/div>\n\t\t\n\t\t<a class=\"elementor-post__read-more\" href=\"https:\/\/evolvelaw.ca\/why-consider-prenuptial-agreement\/\" aria-label=\"Read more about Just Got Engaged? Top 10 Reasons Why You Should Consider A Prenuptial Agreement\" tabindex=\"-1\">\n\t\t\tRead More \u00bb\t\t<\/a>\n\n\t\t\t\t<\/div>\n\t\t\t\t<div class=\"elementor-post__meta-data\">\n\t\t\t\t\t<span class=\"elementor-post-date\">\n\t\t\tFebruary 15, 2022\t\t<\/span>\n\t\t\t\t<span class=\"elementor-post-avatar\">\n\t\t\tNo Comments\t\t<\/span>\n\t\t\t\t<\/div>\n\t\t\t\t\t<\/div>\n\t\t<\/article>\n\t\t\t\t<article class=\"elementor-post elementor-grid-item post-7938 post type-post status-publish format-standard has-post-thumbnail hentry category-uncategorized\">\n\t\t\t<div class=\"elementor-post__card\">\n\t\t\t\t<a class=\"elementor-post__thumbnail__link\" href=\"https:\/\/evolvelaw.ca\/stalking-behavior-signs\/\" tabindex=\"-1\"><div class=\"elementor-post__thumbnail\"><img width=\"300\" height=\"231\" src=\"https:\/\/evolvelaw.ca\/wp-content\/uploads\/2022\/01\/saltking-awareness-post-300x231.webp\" class=\"attachment-medium size-medium wp-image-7946\" alt=\"stalking behavior\" decoding=\"async\" srcset=\"https:\/\/evolvelaw.ca\/wp-content\/uploads\/2022\/01\/saltking-awareness-post-300x231.webp 300w, https:\/\/evolvelaw.ca\/wp-content\/uploads\/2022\/01\/saltking-awareness-post-1024x788.webp 1024w, https:\/\/evolvelaw.ca\/wp-content\/uploads\/2022\/01\/saltking-awareness-post-768x591.webp 768w, https:\/\/evolvelaw.ca\/wp-content\/uploads\/2022\/01\/saltking-awareness-post-100x77.webp 100w, https:\/\/evolvelaw.ca\/wp-content\/uploads\/2022\/01\/saltking-awareness-post-150x116.webp 150w, https:\/\/evolvelaw.ca\/wp-content\/uploads\/2022\/01\/saltking-awareness-post-200x154.webp 200w, https:\/\/evolvelaw.ca\/wp-content\/uploads\/2022\/01\/saltking-awareness-post-450x347.webp 450w, https:\/\/evolvelaw.ca\/wp-content\/uploads\/2022\/01\/saltking-awareness-post-600x462.webp 600w, https:\/\/evolvelaw.ca\/wp-content\/uploads\/2022\/01\/saltking-awareness-post-900x693.webp 900w, https:\/\/evolvelaw.ca\/wp-content\/uploads\/2022\/01\/saltking-awareness-post.webp 1200w\" sizes=\"(max-width: 300px) 100vw, 300px\" \/><\/div><\/a>\n\t\t\t\t<div class=\"elementor-post__text\">\n\t\t\t\t<h3 class=\"elementor-post__title\">\n\t\t\t<a href=\"https:\/\/evolvelaw.ca\/stalking-behavior-signs\/\">\n\t\t\t\tSigns of Stalking Behavior in a Relationship and Through a Divorce\t\t\t<\/a>\n\t\t<\/h3>\n\t\t\t\t<div class=\"elementor-post__excerpt\">\n\t\t\t<p>January 2022 marks the eighteenth annual National Stalking Awareness Month (NSAM), an annual call to action to recognize and respond to the serious crime of stalking behavior. Stalking falls under the updated definition of family violence in the Divorce Act<\/p>\n\t\t<\/div>\n\t\t\n\t\t<a class=\"elementor-post__read-more\" href=\"https:\/\/evolvelaw.ca\/stalking-behavior-signs\/\" aria-label=\"Read more about Signs of Stalking Behavior in a Relationship and Through a Divorce\" tabindex=\"-1\">\n\t\t\tRead More \u00bb\t\t<\/a>\n\n\t\t\t\t<\/div>\n\t\t\t\t<div class=\"elementor-post__meta-data\">\n\t\t\t\t\t<span class=\"elementor-post-date\">\n\t\t\tJanuary 20, 2022\t\t<\/span>\n\t\t\t\t<span class=\"elementor-post-avatar\">\n\t\t\tNo Comments\t\t<\/span>\n\t\t\t\t<\/div>\n\t\t\t\t\t<\/div>\n\t\t<\/article>\n\t\t\t\t<article class=\"elementor-post elementor-grid-item post-5378 post type-post status-publish format-standard hentry category-uncategorized\">\n\t\t\t<div class=\"elementor-post__card\">\n\t\t\t\t<div class=\"elementor-post__text\">\n\t\t\t\t<h3 class=\"elementor-post__title\">\n\t\t\t<a href=\"https:\/\/evolvelaw.ca\/same-sex-marriage\/\">\n\t\t\t\tCelebrating Pride With A History Of Same-Sex Marriage In Canada\t\t\t<\/a>\n\t\t<\/h3>\n\t\t\t\t<div class=\"elementor-post__excerpt\">\n\t\t\t<p>June is recognized around the world as Pride Month, to commemorate the Stonewall Riots that happened in New York City at the end of June in 1969. In recognition of Pride month, Evolve Law would like to provide a brief<\/p>\n\t\t<\/div>\n\t\t\n\t\t<a class=\"elementor-post__read-more\" href=\"https:\/\/evolvelaw.ca\/same-sex-marriage\/\" aria-label=\"Read more about Celebrating Pride With A History Of Same-Sex Marriage In Canada\" tabindex=\"-1\">\n\t\t\tRead More \u00bb\t\t<\/a>\n\n\t\t\t\t<\/div>\n\t\t\t\t<div class=\"elementor-post__meta-data\">\n\t\t\t\t\t<span class=\"elementor-post-date\">\n\t\t\tJune 29, 2021\t\t<\/span>\n\t\t\t\t<span class=\"elementor-post-avatar\">\n\t\t\tNo Comments\t\t<\/span>\n\t\t\t\t<\/div>\n\t\t\t\t\t<\/div>\n\t\t<\/article>\n\t\t\t\t<article class=\"elementor-post elementor-grid-item post-3826 post type-post status-publish format-standard hentry category-uncategorized\">\n\t\t\t<div class=\"elementor-post__card\">\n\t\t\t\t<div class=\"elementor-post__text\">\n\t\t\t\t<h3 class=\"elementor-post__title\">\n\t\t\t<a href=\"https:\/\/evolvelaw.ca\/tell-your-clients-about-tax-deductible-fees\/\">\n\t\t\t\tTax-Deductible Legal Fees\t\t\t<\/a>\n\t\t<\/h3>\n\t\t\t\t<div class=\"elementor-post__excerpt\">\n\t\t\t<p>As true as it was in 2019, when\u00a0this article was written\u00a0for the CBA, if you incurrred legal fees in 2021 relating to PURSUING child or spousal support, ask your lawyer for a letter outlining the portion of fees spent towards<\/p>\n\t\t<\/div>\n\t\t\n\t\t<a class=\"elementor-post__read-more\" href=\"https:\/\/evolvelaw.ca\/tell-your-clients-about-tax-deductible-fees\/\" aria-label=\"Read more about Tax-Deductible Legal Fees\" tabindex=\"-1\">\n\t\t\tRead More \u00bb\t\t<\/a>\n\n\t\t\t\t<\/div>\n\t\t\t\t<div class=\"elementor-post__meta-data\">\n\t\t\t\t\t<span class=\"elementor-post-date\">\n\t\t\tApril 6, 2021\t\t<\/span>\n\t\t\t\t<span class=\"elementor-post-avatar\">\n\t\t\tNo Comments\t\t<\/span>\n\t\t\t\t<\/div>\n\t\t\t\t\t<\/div>\n\t\t<\/article>\n\t\t\t\t<\/div>\n\t\t\n\t\t\t\t<\/div>\n\t\t\t\t<\/div>\n\t\t\t\t\t<\/div>\n\t\t<\/div>\n\t\t\t\t\t\t\t<\/div>\n\t\t<\/section>\n\t\t\t\t\t\t\t<\/div>\n\t\t","protected":false},"excerpt":{"rendered":"<p>Family Law Blog &amp; News Featured Articles<\/p>\n","protected":false},"author":7,"featured_media":0,"parent":0,"menu_order":0,"comment_status":"closed","ping_status":"closed","template":"","meta":{"footnotes":""},"_links":{"self":[{"href":"https:\/\/evolvelaw.ca\/wp-json\/wp\/v2\/pages\/3883"}],"collection":[{"href":"https:\/\/evolvelaw.ca\/wp-json\/wp\/v2\/pages"}],"about":[{"href":"https:\/\/evolvelaw.ca\/wp-json\/wp\/v2\/types\/page"}],"author":[{"embeddable":true,"href":"https:\/\/evolvelaw.ca\/wp-json\/wp\/v2\/users\/7"}],"replies":[{"embeddable":true,"href":"https:\/\/evolvelaw.ca\/wp-json\/wp\/v2\/comments?post=3883"}],"version-history":[{"count":5,"href":"https:\/\/evolvelaw.ca\/wp-json\/wp\/v2\/pages\/3883\/revisions"}],"predecessor-version":[{"id":10647,"href":"https:\/\/evolvelaw.ca\/wp-json\/wp\/v2\/pages\/3883\/revisions\/10647"}],"wp:attachment":[{"href":"https:\/\/evolvelaw.ca\/wp-json\/wp\/v2\/media?parent=3883"}],"curies":[{"name":"wp","href":"https:\/\/api.w.org\/{rel}","templated":true}]}}