{"id":4659,"date":"2021-05-11T01:04:52","date_gmt":"2021-05-11T07:04:52","guid":{"rendered":"https:\/\/evolvelaw.ca\/?page_id=4659"},"modified":"2022-07-07T14:47:51","modified_gmt":"2022-07-07T20:47:51","slug":"booking-process","status":"publish","type":"page","link":"https:\/\/evolvelaw.ca\/booking-process\/","title":{"rendered":"Booking Process"},"content":{"rendered":"\t\t<div data-elementor-type=\"wp-page\" data-elementor-id=\"4659\" class=\"elementor elementor-4659\" data-elementor-post-type=\"page\">\n\t\t\t\t\t\t\t\t\t<section class=\"has_eae_slider elementor-section elementor-top-section elementor-element elementor-element-49c39757 elementor-section-full_width elementor-reverse-mobile elementor-section-height-default elementor-section-height-default\" data-id=\"49c39757\" data-element_type=\"section\">\n\t\t\t\t\t\t<div class=\"elementor-container elementor-column-gap-no\">\n\t\t\t\t\t<div class=\"has_eae_slider elementor-column elementor-col-100 elementor-top-column elementor-element elementor-element-dc3f1b7\" data-id=\"dc3f1b7\" data-element_type=\"column\">\n\t\t\t<div class=\"elementor-widget-wrap elementor-element-populated\">\n\t\t\t\t\t\t\t\t<section class=\"has_eae_slider elementor-section elementor-inner-section elementor-element elementor-element-4a1647f2 elementor-section-content-middle elementor-section-boxed elementor-section-height-default elementor-section-height-default\" data-id=\"4a1647f2\" data-element_type=\"section\">\n\t\t\t\t\t\t<div class=\"elementor-container elementor-column-gap-no\">\n\t\t\t\t\t<div class=\"has_eae_slider elementor-column elementor-col-50 elementor-inner-column elementor-element elementor-element-1e627870\" data-id=\"1e627870\" data-element_type=\"column\">\n\t\t\t<div class=\"elementor-widget-wrap elementor-element-populated\">\n\t\t\t\t\t\t\t\t<div class=\"elementor-element elementor-element-7fc9b0b eael-dual-header-content-align-left eael-dual-header-content-mobile-align-center elementor-widget elementor-widget-eael-dual-color-header\" data-id=\"7fc9b0b\" data-element_type=\"widget\" data-widget_type=\"eael-dual-color-header.default\">\n\t\t\t\t<div class=\"elementor-widget-container\">\n\t\t\t\n\t\t        <div class=\"eael-dual-header\">\n\t\t\t\t<h2 class=\"title\"><span  class=\"lead solid-color\">Booking<\/span> <span>Process<\/span><\/h2>\n\t\t\t\t<span class=\"subtext\"><\/span>\n\t\t\t\t\t<span class=\"eael-dch-svg-icon\"><\/span>\t\t\t\t<\/div>\n\t\n\t\t\n\t\t\n\t\t\n\t\t\t\t<\/div>\n\t\t\t\t<\/div>\n\t\t\t\t<div class=\"elementor-element elementor-element-1b947ce3 elementor-widget__width-initial elementor-widget elementor-widget-text-editor\" data-id=\"1b947ce3\" data-element_type=\"widget\" data-widget_type=\"text-editor.default\">\n\t\t\t\t<div class=\"elementor-widget-container\">\n\t\t\t\t\t\t\t<p>Start your process online without any complexity!<\/p>\t\t\t\t\t\t<\/div>\n\t\t\t\t<\/div>\n\t\t\t\t<div class=\"elementor-element elementor-element-22b7a537 elementor-widget__width-auto elementor-widget-tablet__width-auto elementor-widget-mobile__width-inherit elementor-mobile-align-center elementor-widget elementor-widget-button\" data-id=\"22b7a537\" data-element_type=\"widget\" data-widget_type=\"button.default\">\n\t\t\t\t<div class=\"elementor-widget-container\">\n\t\t\t\t\t<div class=\"elementor-button-wrapper\">\n\t\t\t<a class=\"elementor-button elementor-button-link elementor-size-md elementor-animation-grow\" href=\"http:\/\/www.intaker.com\/evolvelaw\/main\" target=\"_blank\" rel=\"noopener\">\n\t\t\t\t\t\t<span class=\"elementor-button-content-wrapper\">\n\t\t\t\t\t\t<span class=\"elementor-button-text\">New client - Click here to start<\/span>\n\t\t<\/span>\n\t\t\t\t\t<\/a>\n\t\t<\/div>\n\t\t\t\t<\/div>\n\t\t\t\t<\/div>\n\t\t\t\t\t<\/div>\n\t\t<\/div>\n\t\t\t\t<div class=\"has_eae_slider elementor-column elementor-col-50 elementor-inner-column elementor-element elementor-element-7a75db0a\" data-id=\"7a75db0a\" data-element_type=\"column\">\n\t\t\t<div class=\"elementor-widget-wrap elementor-element-populated\">\n\t\t\t\t\t\t\t\t<div class=\"elementor-element elementor-element-549fd8e3 elementor-widget elementor-widget-image\" data-id=\"549fd8e3\" data-element_type=\"widget\" data-widget_type=\"image.default\">\n\t\t\t\t<div class=\"elementor-widget-container\">\n\t\t\t\t\t\t\t\t\t\t\t\t\t\t\t<img decoding=\"async\" width=\"501\" height=\"457\" src=\"https:\/\/evolvelaw.ca\/wp-content\/uploads\/2022\/06\/Start-the-Chat-1.png\" class=\"attachment-full size-full wp-image-9409\" alt=\"process\" srcset=\"https:\/\/evolvelaw.ca\/wp-content\/uploads\/2022\/06\/Start-the-Chat-1.png 501w, https:\/\/evolvelaw.ca\/wp-content\/uploads\/2022\/06\/Start-the-Chat-1-300x274.png 300w, https:\/\/evolvelaw.ca\/wp-content\/uploads\/2022\/06\/Start-the-Chat-1-100x91.png 100w, https:\/\/evolvelaw.ca\/wp-content\/uploads\/2022\/06\/Start-the-Chat-1-150x137.png 150w, https:\/\/evolvelaw.ca\/wp-content\/uploads\/2022\/06\/Start-the-Chat-1-200x182.png 200w, https:\/\/evolvelaw.ca\/wp-content\/uploads\/2022\/06\/Start-the-Chat-1-450x410.png 450w\" sizes=\"(max-width: 501px) 100vw, 501px\" \/>\t\t\t\t\t\t\t\t\t\t\t\t\t\t\t<\/div>\n\t\t\t\t<\/div>\n\t\t\t\t\t<\/div>\n\t\t<\/div>\n\t\t\t\t\t\t\t<\/div>\n\t\t<\/section>\n\t\t\t\t\t<\/div>\n\t\t<\/div>\n\t\t\t\t\t\t\t<\/div>\n\t\t<\/section>\n\t\t\t\t<section class=\"has_eae_slider elementor-section elementor-top-section elementor-element elementor-element-157de85a elementor-section-boxed elementor-section-height-default elementor-section-height-default\" data-id=\"157de85a\" data-element_type=\"section\" data-settings=\"{&quot;background_background&quot;:&quot;classic&quot;}\">\n\t\t\t\t\t\t\t<div class=\"elementor-background-overlay\"><\/div>\n\t\t\t\t\t\t\t<div class=\"elementor-container elementor-column-gap-no\">\n\t\t\t\t\t<div class=\"has_eae_slider elementor-column elementor-col-100 elementor-top-column elementor-element elementor-element-30b684cf\" data-id=\"30b684cf\" data-element_type=\"column\">\n\t\t\t<div class=\"elementor-widget-wrap elementor-element-populated\">\n\t\t\t\t\t\t\t\t<section class=\"has_eae_slider elementor-section elementor-inner-section elementor-element elementor-element-17fc2479 elementor-section-full_width elementor-section-height-default elementor-section-height-default\" data-id=\"17fc2479\" data-element_type=\"section\" data-settings=\"{&quot;background_background&quot;:&quot;classic&quot;}\">\n\t\t\t\t\t\t<div class=\"elementor-container elementor-column-gap-no\">\n\t\t\t\t\t<div class=\"has_eae_slider elementor-column elementor-col-33 elementor-inner-column elementor-element elementor-element-3a8f7d2b\" data-id=\"3a8f7d2b\" data-element_type=\"column\">\n\t\t\t<div class=\"elementor-widget-wrap elementor-element-populated\">\n\t\t\t\t\t\t\t\t<div class=\"elementor-element elementor-element-7880175b eael-infobox-content-align-left eael-infobox-shape-square eael-infobox-hover-img-shape-square elementor-invisible elementor-widget elementor-widget-eael-info-box\" data-id=\"7880175b\" data-element_type=\"widget\" data-settings=\"{&quot;_animation&quot;:&quot;zoomIn&quot;}\" data-widget_type=\"eael-info-box.default\">\n\t\t\t\t<div class=\"elementor-widget-container\">\n\t\t\t        <div class=\"eael-infobox\">\n\t            <div class=\"infobox-icon\">\n\n                            <img decoding=\"async\" src=\"https:\/\/evolvelaw.ca\/wp-content\/uploads\/2022\/06\/conflict-form-1.png\" alt=\"\">\n            \n            \n            \n        <\/div>\n            <div class=\"infobox-content\">\n                            <h4 class=\"title\">Step 1 Conflict Search Form<\/h4>\n                                                                        <p><p>Before discussing your matter in any capacity, we must determine if our office has had interactions that could lead to a conflict of interest on your file.<\/p><\/p>\n                                                                            <\/div>\n            <\/div>\n\n\t\t\t\t<\/div>\n\t\t\t\t<\/div>\n\t\t\t\t\t<\/div>\n\t\t<\/div>\n\t\t\t\t<div class=\"has_eae_slider elementor-column elementor-col-33 elementor-inner-column elementor-element elementor-element-510cb0e3\" data-id=\"510cb0e3\" data-element_type=\"column\">\n\t\t\t<div class=\"elementor-widget-wrap elementor-element-populated\">\n\t\t\t\t\t\t\t\t<div class=\"elementor-element elementor-element-131324cf eael-infobox-content-align-left eael-infobox-shape-square eael-infobox-hover-img-shape-square elementor-invisible elementor-widget elementor-widget-eael-info-box\" data-id=\"131324cf\" data-element_type=\"widget\" data-settings=\"{&quot;_animation&quot;:&quot;zoomIn&quot;}\" data-widget_type=\"eael-info-box.default\">\n\t\t\t\t<div class=\"elementor-widget-container\">\n\t\t\t        <div class=\"eael-infobox\">\n\t            <div class=\"infobox-icon\">\n\n                            <img decoding=\"async\" src=\"https:\/\/evolvelaw.ca\/wp-content\/uploads\/2022\/06\/payment-online.png\" alt=\"step-2\">\n            \n            \n            \n        <\/div>\n            <div class=\"infobox-content\">\n                            <h4 class=\"title\">Step 2 Payment<\/h4>\n                                                                        <p><p>When the conflict search form is submitted a link for payment will be sent via email.<\/p><\/p>\n                                                                            <\/div>\n            <\/div>\n\n\t\t\t\t<\/div>\n\t\t\t\t<\/div>\n\t\t\t\t\t<\/div>\n\t\t<\/div>\n\t\t\t\t<div class=\"has_eae_slider elementor-column elementor-col-33 elementor-inner-column elementor-element elementor-element-8940858\" data-id=\"8940858\" data-element_type=\"column\">\n\t\t\t<div class=\"elementor-widget-wrap elementor-element-populated\">\n\t\t\t\t\t\t\t\t<div class=\"elementor-element elementor-element-491a8481 eael-infobox-content-align-left eael-infobox-shape-square eael-infobox-hover-img-shape-square elementor-invisible elementor-widget elementor-widget-eael-info-box\" data-id=\"491a8481\" data-element_type=\"widget\" data-settings=\"{&quot;_animation&quot;:&quot;zoomIn&quot;}\" data-widget_type=\"eael-info-box.default\">\n\t\t\t\t<div class=\"elementor-widget-container\">\n\t\t\t        <div class=\"eael-infobox\">\n\t            <div class=\"infobox-icon\">\n\n                            <img decoding=\"async\" src=\"https:\/\/evolvelaw.ca\/wp-content\/uploads\/2022\/06\/questionnaire-online.png\" alt=\"\">\n            \n            \n            \n        <\/div>\n            <div class=\"infobox-content\">\n                            <h4 class=\"title\">Step 3 Questionnaire<\/h4>\n                                                                        <p><p>After the payment is completed you'll receive a questionnaire to fill in online using your computer or smartphone.<\/p><\/p>\n                                                                            <\/div>\n            <\/div>\n\n\t\t\t\t<\/div>\n\t\t\t\t<\/div>\n\t\t\t\t\t<\/div>\n\t\t<\/div>\n\t\t\t\t\t\t\t<\/div>\n\t\t<\/section>\n\t\t\t\t\t<\/div>\n\t\t<\/div>\n\t\t\t\t\t\t\t<\/div>\n\t\t<\/section>\n\t\t\t\t<section class=\"has_eae_slider elementor-section elementor-top-section elementor-element elementor-element-19ebea44 elementor-section-boxed elementor-section-height-default elementor-section-height-default\" data-id=\"19ebea44\" data-element_type=\"section\" data-settings=\"{&quot;background_background&quot;:&quot;classic&quot;}\">\n\t\t\t\t\t\t<div class=\"elementor-container elementor-column-gap-no\">\n\t\t\t\t\t<div class=\"has_eae_slider elementor-column elementor-col-100 elementor-top-column elementor-element elementor-element-748b8356\" data-id=\"748b8356\" data-element_type=\"column\">\n\t\t\t<div class=\"elementor-widget-wrap elementor-element-populated\">\n\t\t\t\t\t\t\t\t<section class=\"has_eae_slider elementor-section elementor-inner-section elementor-element elementor-element-6e54af50 elementor-section-boxed elementor-section-height-default elementor-section-height-default elementor-invisible\" data-id=\"6e54af50\" data-element_type=\"section\" data-settings=\"{&quot;background_background&quot;:&quot;classic&quot;,&quot;animation&quot;:&quot;fadeInUp&quot;}\">\n\t\t\t\t\t\t<div class=\"elementor-container elementor-column-gap-no\">\n\t\t\t\t\t<div class=\"has_eae_slider elementor-column elementor-col-100 elementor-inner-column elementor-element elementor-element-4a4c4984\" data-id=\"4a4c4984\" data-element_type=\"column\">\n\t\t\t<div class=\"elementor-widget-wrap elementor-element-populated\">\n\t\t\t\t\t\t\t\t<div class=\"elementor-element elementor-element-7bf7a394 elementor-invisible elementor-widget elementor-widget-heading\" data-id=\"7bf7a394\" data-element_type=\"widget\" data-settings=\"{&quot;_animation&quot;:&quot;fadeInUp&quot;}\" data-widget_type=\"heading.default\">\n\t\t\t\t<div class=\"elementor-widget-container\">\n\t\t\t<h2 class=\"elementor-heading-title elementor-size-default\">Select Date<\/h2>\t\t<\/div>\n\t\t\t\t<\/div>\n\t\t\t\t<div class=\"elementor-element elementor-element-3ba51508 elementor-invisible elementor-widget elementor-widget-text-editor\" data-id=\"3ba51508\" data-element_type=\"widget\" data-settings=\"{&quot;_animation&quot;:&quot;fadeInRight&quot;,&quot;_animation_delay&quot;:200}\" data-widget_type=\"text-editor.default\">\n\t\t\t\t<div class=\"elementor-widget-container\">\n\t\t\t\t\t\t\t<p>Following successful questionnaire submission, you will be sent a link to book your consultation directly in one of our Lawyer&#8217;s calendars (if a specific lawyer is requested it will be the calendar of that lawyer).<\/p>\t\t\t\t\t\t<\/div>\n\t\t\t\t<\/div>\n\t\t\t\t\t<\/div>\n\t\t<\/div>\n\t\t\t\t\t\t\t<\/div>\n\t\t<\/section>\n\t\t\t\t<section class=\"has_eae_slider elementor-section elementor-inner-section elementor-element elementor-element-31e914be elementor-section-boxed elementor-section-height-default elementor-section-height-default\" data-id=\"31e914be\" data-element_type=\"section\" data-settings=\"{&quot;background_background&quot;:&quot;classic&quot;}\">\n\t\t\t\t\t\t<div class=\"elementor-container elementor-column-gap-no\">\n\t\t\t\t\t<div class=\"has_eae_slider elementor-column elementor-col-33 elementor-inner-column elementor-element elementor-element-292adfec\" data-id=\"292adfec\" data-element_type=\"column\">\n\t\t\t<div class=\"elementor-widget-wrap elementor-element-populated\">\n\t\t\t\t\t\t\t\t<div class=\"elementor-element elementor-element-560854c1 elementor-widget-mobile__width-initial elementor-invisible elementor-widget elementor-widget-image\" data-id=\"560854c1\" data-element_type=\"widget\" data-settings=\"{&quot;_animation&quot;:&quot;zoomIn&quot;}\" data-widget_type=\"image.default\">\n\t\t\t\t<div class=\"elementor-widget-container\">\n\t\t\t\t\t\t\t\t\t\t\t\t\t\t\t<img decoding=\"async\" width=\"292\" height=\"292\" src=\"https:\/\/evolvelaw.ca\/wp-content\/uploads\/2022\/06\/melissa-rounded.png\" class=\"attachment-full size-full wp-image-9364\" alt=\"lawyer4\" srcset=\"https:\/\/evolvelaw.ca\/wp-content\/uploads\/2022\/06\/melissa-rounded.png 292w, https:\/\/evolvelaw.ca\/wp-content\/uploads\/2022\/06\/melissa-rounded-150x150.png 150w, https:\/\/evolvelaw.ca\/wp-content\/uploads\/2022\/06\/melissa-rounded-100x100.png 100w, https:\/\/evolvelaw.ca\/wp-content\/uploads\/2022\/06\/melissa-rounded-200x200.png 200w\" sizes=\"(max-width: 292px) 100vw, 292px\" \/>\t\t\t\t\t\t\t\t\t\t\t\t\t\t\t<\/div>\n\t\t\t\t<\/div>\n\t\t\t\t<div class=\"elementor-element elementor-element-4f9c141d elementor-widget-mobile__width-initial elementor-invisible elementor-widget elementor-widget-image\" data-id=\"4f9c141d\" data-element_type=\"widget\" data-settings=\"{&quot;_animation&quot;:&quot;zoomIn&quot;,&quot;_animation_delay&quot;:200}\" data-widget_type=\"image.default\">\n\t\t\t\t<div class=\"elementor-widget-container\">\n\t\t\t\t\t\t\t\t\t\t\t\t\t\t\t<img decoding=\"async\" width=\"291\" height=\"292\" src=\"https:\/\/evolvelaw.ca\/wp-content\/uploads\/2022\/06\/Beau-rounded.png\" class=\"attachment-full size-full wp-image-9359\" alt=\"lawyer\" srcset=\"https:\/\/evolvelaw.ca\/wp-content\/uploads\/2022\/06\/Beau-rounded.png 291w, https:\/\/evolvelaw.ca\/wp-content\/uploads\/2022\/06\/Beau-rounded-150x151.png 150w, https:\/\/evolvelaw.ca\/wp-content\/uploads\/2022\/06\/Beau-rounded-100x100.png 100w, https:\/\/evolvelaw.ca\/wp-content\/uploads\/2022\/06\/Beau-rounded-200x201.png 200w\" sizes=\"(max-width: 291px) 100vw, 291px\" \/>\t\t\t\t\t\t\t\t\t\t\t\t\t\t\t<\/div>\n\t\t\t\t<\/div>\n\t\t\t\t\t<\/div>\n\t\t<\/div>\n\t\t\t\t<div class=\"has_eae_slider elementor-column elementor-col-33 elementor-inner-column elementor-element elementor-element-5220bfc0\" data-id=\"5220bfc0\" data-element_type=\"column\">\n\t\t\t<div class=\"elementor-widget-wrap elementor-element-populated\">\n\t\t\t\t\t\t\t\t<div class=\"elementor-element elementor-element-343670d9 elementor-widget elementor-widget-image\" data-id=\"343670d9\" data-element_type=\"widget\" data-widget_type=\"image.default\">\n\t\t\t\t<div class=\"elementor-widget-container\">\n\t\t\t\t\t\t\t\t\t\t\t\t\t\t\t<img decoding=\"async\" width=\"605\" height=\"461\" src=\"https:\/\/evolvelaw.ca\/wp-content\/uploads\/2022\/06\/Screen-Shot-2022-06-02-at-11.44.20-AM-1024x781.png\" class=\"attachment-large size-large wp-image-9374\" alt=\"\" srcset=\"https:\/\/evolvelaw.ca\/wp-content\/uploads\/2022\/06\/Screen-Shot-2022-06-02-at-11.44.20-AM-1024x781.png 1024w, https:\/\/evolvelaw.ca\/wp-content\/uploads\/2022\/06\/Screen-Shot-2022-06-02-at-11.44.20-AM-300x229.png 300w, https:\/\/evolvelaw.ca\/wp-content\/uploads\/2022\/06\/Screen-Shot-2022-06-02-at-11.44.20-AM-768x585.png 768w, https:\/\/evolvelaw.ca\/wp-content\/uploads\/2022\/06\/Screen-Shot-2022-06-02-at-11.44.20-AM-1536x1171.png 1536w, https:\/\/evolvelaw.ca\/wp-content\/uploads\/2022\/06\/Screen-Shot-2022-06-02-at-11.44.20-AM-100x76.png 100w, https:\/\/evolvelaw.ca\/wp-content\/uploads\/2022\/06\/Screen-Shot-2022-06-02-at-11.44.20-AM-150x114.png 150w, https:\/\/evolvelaw.ca\/wp-content\/uploads\/2022\/06\/Screen-Shot-2022-06-02-at-11.44.20-AM-200x152.png 200w, https:\/\/evolvelaw.ca\/wp-content\/uploads\/2022\/06\/Screen-Shot-2022-06-02-at-11.44.20-AM-450x343.png 450w, https:\/\/evolvelaw.ca\/wp-content\/uploads\/2022\/06\/Screen-Shot-2022-06-02-at-11.44.20-AM-600x457.png 600w, https:\/\/evolvelaw.ca\/wp-content\/uploads\/2022\/06\/Screen-Shot-2022-06-02-at-11.44.20-AM-900x686.png 900w, https:\/\/evolvelaw.ca\/wp-content\/uploads\/2022\/06\/Screen-Shot-2022-06-02-at-11.44.20-AM.png 1582w\" sizes=\"(max-width: 605px) 100vw, 605px\" \/>\t\t\t\t\t\t\t\t\t\t\t\t\t\t\t<\/div>\n\t\t\t\t<\/div>\n\t\t\t\t<div class=\"elementor-element elementor-element-58e7901e elementor-widget__width-inherit elementor-widget-tablet__width-auto elementor-widget-mobile__width-inherit elementor-mobile-align-center elementor-align-center elementor-widget elementor-widget-button\" data-id=\"58e7901e\" data-element_type=\"widget\" data-widget_type=\"button.default\">\n\t\t\t\t<div class=\"elementor-widget-container\">\n\t\t\t\t\t<div class=\"elementor-button-wrapper\">\n\t\t\t<a class=\"elementor-button elementor-button-link elementor-size-md elementor-animation-grow\" href=\"http:\/\/www.intaker.com\/evolvelaw\/main\" target=\"_blank\" rel=\"noopener\">\n\t\t\t\t\t\t<span class=\"elementor-button-content-wrapper\">\n\t\t\t\t\t\t<span class=\"elementor-button-text\">New client - Click here to start<\/span>\n\t\t<\/span>\n\t\t\t\t\t<\/a>\n\t\t<\/div>\n\t\t\t\t<\/div>\n\t\t\t\t<\/div>\n\t\t\t\t\t<\/div>\n\t\t<\/div>\n\t\t\t\t<div class=\"has_eae_slider elementor-column elementor-col-33 elementor-inner-column elementor-element elementor-element-60240caf\" data-id=\"60240caf\" data-element_type=\"column\" data-settings=\"{&quot;background_background&quot;:&quot;classic&quot;}\">\n\t\t\t<div class=\"elementor-widget-wrap elementor-element-populated\">\n\t\t\t\t\t\t\t\t<div class=\"elementor-element elementor-element-4ab033f1 elementor-widget-mobile__width-initial elementor-invisible elementor-widget elementor-widget-image\" data-id=\"4ab033f1\" data-element_type=\"widget\" data-settings=\"{&quot;_animation&quot;:&quot;zoomIn&quot;,&quot;_animation_delay&quot;:400}\" data-widget_type=\"image.default\">\n\t\t\t\t<div class=\"elementor-widget-container\">\n\t\t\t\t\t\t\t\t\t\t\t\t\t\t\t<img decoding=\"async\" width=\"291\" height=\"292\" src=\"https:\/\/evolvelaw.ca\/wp-content\/uploads\/2022\/06\/dean-rounded.png\" class=\"attachment-full size-full wp-image-9360\" alt=\"\" srcset=\"https:\/\/evolvelaw.ca\/wp-content\/uploads\/2022\/06\/dean-rounded.png 291w, https:\/\/evolvelaw.ca\/wp-content\/uploads\/2022\/06\/dean-rounded-150x151.png 150w, https:\/\/evolvelaw.ca\/wp-content\/uploads\/2022\/06\/dean-rounded-100x100.png 100w, https:\/\/evolvelaw.ca\/wp-content\/uploads\/2022\/06\/dean-rounded-200x201.png 200w\" sizes=\"(max-width: 291px) 100vw, 291px\" \/>\t\t\t\t\t\t\t\t\t\t\t\t\t\t\t<\/div>\n\t\t\t\t<\/div>\n\t\t\t\t<div class=\"elementor-element elementor-element-1ea6f902 elementor-widget-mobile__width-initial elementor-invisible elementor-widget elementor-widget-image\" data-id=\"1ea6f902\" data-element_type=\"widget\" data-settings=\"{&quot;_animation&quot;:&quot;zoomIn&quot;,&quot;_animation_delay&quot;:400}\" data-widget_type=\"image.default\">\n\t\t\t\t<div class=\"elementor-widget-container\">\n\t\t\t\t\t\t\t\t\t\t\t\t\t\t\t<img decoding=\"async\" width=\"271\" height=\"291\" src=\"https:\/\/evolvelaw.ca\/wp-content\/uploads\/2022\/06\/Matthew-bluebg.png\" class=\"attachment-full size-full wp-image-9538\" alt=\"\" srcset=\"https:\/\/evolvelaw.ca\/wp-content\/uploads\/2022\/06\/Matthew-bluebg.png 271w, https:\/\/evolvelaw.ca\/wp-content\/uploads\/2022\/06\/Matthew-bluebg-100x107.png 100w, https:\/\/evolvelaw.ca\/wp-content\/uploads\/2022\/06\/Matthew-bluebg-150x161.png 150w, https:\/\/evolvelaw.ca\/wp-content\/uploads\/2022\/06\/Matthew-bluebg-200x215.png 200w\" sizes=\"(max-width: 271px) 100vw, 271px\" \/>\t\t\t\t\t\t\t\t\t\t\t\t\t\t\t<\/div>\n\t\t\t\t<\/div>\n\t\t\t\t\t<\/div>\n\t\t<\/div>\n\t\t\t\t\t\t\t<\/div>\n\t\t<\/section>\n\t\t\t\t\t<\/div>\n\t\t<\/div>\n\t\t\t\t\t\t\t<\/div>\n\t\t<\/section>\n\t\t\t\t<section class=\"has_eae_slider elementor-section elementor-top-section elementor-element elementor-element-46569161 elementor-section-boxed elementor-section-height-default elementor-section-height-default\" data-id=\"46569161\" data-element_type=\"section\" data-settings=\"{&quot;background_background&quot;:&quot;classic&quot;}\">\n\t\t\t\t\t\t\t<div class=\"elementor-background-overlay\"><\/div>\n\t\t\t\t\t\t\t<div class=\"elementor-container elementor-column-gap-no\">\n\t\t\t\t\t<div class=\"has_eae_slider elementor-column elementor-col-100 elementor-top-column elementor-element elementor-element-15432e21\" data-id=\"15432e21\" data-element_type=\"column\">\n\t\t\t<div class=\"elementor-widget-wrap elementor-element-populated\">\n\t\t\t\t\t\t\t\t<section class=\"has_eae_slider elementor-section elementor-inner-section elementor-element elementor-element-75946fd elementor-section-full_width elementor-section-height-default elementor-section-height-default elementor-invisible\" data-id=\"75946fd\" data-element_type=\"section\" data-settings=\"{&quot;background_background&quot;:&quot;gradient&quot;,&quot;animation&quot;:&quot;zoomIn&quot;}\">\n\t\t\t\t\t\t<div class=\"elementor-container elementor-column-gap-no\">\n\t\t\t\t\t<div class=\"has_eae_slider elementor-column elementor-col-100 elementor-inner-column elementor-element elementor-element-37f0d808\" data-id=\"37f0d808\" data-element_type=\"column\">\n\t\t\t<div class=\"elementor-widget-wrap elementor-element-populated\">\n\t\t\t\t\t\t\t\t<div class=\"elementor-element elementor-element-7e71897 elementor-widget elementor-widget-heading\" data-id=\"7e71897\" data-element_type=\"widget\" data-widget_type=\"heading.default\">\n\t\t\t\t<div class=\"elementor-widget-container\">\n\t\t\t<h2 class=\"elementor-heading-title elementor-size-default\">What People Say About Us<\/h2>\t\t<\/div>\n\t\t\t\t<\/div>\n\t\t\t\t<div class=\"elementor-element elementor-element-1cdaaa3 elementor-widget elementor-widget-heading\" data-id=\"1cdaaa3\" data-element_type=\"widget\" data-widget_type=\"heading.default\">\n\t\t\t\t<div class=\"elementor-widget-container\">\n\t\t\t<h2 class=\"elementor-heading-title elementor-size-default\">Client Testimonials<\/h2>\t\t<\/div>\n\t\t\t\t<\/div>\n\t\t\t\t<div class=\"elementor-element elementor-element-c98a059 elementor-widget elementor-widget-html\" data-id=\"c98a059\" data-element_type=\"widget\" data-widget_type=\"html.default\">\n\t\t\t\t<div class=\"elementor-widget-container\">\n\t\t\t<script defer async src='https:\/\/cdn.trustindex.io\/loader.js?940a2aa73e7e936cc654d947d3'><\/script>\t\t<\/div>\n\t\t\t\t<\/div>\n\t\t\t\t<div class=\"elementor-element elementor-element-7ce0fa97 elementor-widget-tablet__width-auto elementor-widget-mobile__width-initial elementor-align-center elementor-widget elementor-widget-button\" data-id=\"7ce0fa97\" data-element_type=\"widget\" data-widget_type=\"button.default\">\n\t\t\t\t<div class=\"elementor-widget-container\">\n\t\t\t\t\t<div class=\"elementor-button-wrapper\">\n\t\t\t<a class=\"elementor-button elementor-button-link elementor-size-md elementor-animation-grow\" href=\"http:\/\/www.intaker.com\/evolvelaw\/main\" target=\"_blank\" rel=\"noopener\">\n\t\t\t\t\t\t<span class=\"elementor-button-content-wrapper\">\n\t\t\t\t\t\t<span class=\"elementor-button-text\">New client - Click here to start<\/span>\n\t\t<\/span>\n\t\t\t\t\t<\/a>\n\t\t<\/div>\n\t\t\t\t<\/div>\n\t\t\t\t<\/div>\n\t\t\t\t\t<\/div>\n\t\t<\/div>\n\t\t\t\t\t\t\t<\/div>\n\t\t<\/section>\n\t\t\t\t\t<\/div>\n\t\t<\/div>\n\t\t\t\t\t\t\t<\/div>\n\t\t<\/section>\n\t\t\t\t\t\t\t<\/div>\n\t\t","protected":false},"excerpt":{"rendered":"<p>Booking Process Start your process online without any complexity! New client &#8211; Click here to start Step 1 Conflict Search Form Before discussing your matter in any capacity, we must determine if our office has had interactions that could lead &hellip;<\/p>\n<p class=\"read-more\"> <a class=\"more-link\" href=\"https:\/\/evolvelaw.ca\/booking-process\/\"> <span class=\"screen-reader-text\">Booking Process<\/span> Read More &raquo;<\/a><\/p>\n","protected":false},"author":7,"featured_media":0,"parent":0,"menu_order":0,"comment_status":"closed","ping_status":"closed","template":"elementor_header_footer","meta":{"footnotes":""},"_links":{"self":[{"href":"https:\/\/evolvelaw.ca\/wp-json\/wp\/v2\/pages\/4659"}],"collection":[{"href":"https:\/\/evolvelaw.ca\/wp-json\/wp\/v2\/pages"}],"about":[{"href":"https:\/\/evolvelaw.ca\/wp-json\/wp\/v2\/types\/page"}],"author":[{"embeddable":true,"href":"https:\/\/evolvelaw.ca\/wp-json\/wp\/v2\/users\/7"}],"replies":[{"embeddable":true,"href":"https:\/\/evolvelaw.ca\/wp-json\/wp\/v2\/comments?post=4659"}],"version-history":[{"count":5,"href":"https:\/\/evolvelaw.ca\/wp-json\/wp\/v2\/pages\/4659\/revisions"}],"predecessor-version":[{"id":9728,"href":"https:\/\/evolvelaw.ca\/wp-json\/wp\/v2\/pages\/4659\/revisions\/9728"}],"wp:attachment":[{"href":"https:\/\/evolvelaw.ca\/wp-json\/wp\/v2\/media?parent=4659"}],"curies":[{"name":"wp","href":"https:\/\/api.w.org\/{rel}","templated":true}]}}